Name,Quant mass,cF17,cF3,cF29,cF36,cF41,cF12,cF24,cF38,cF19,cF31,cF14,cF27,cF4,cF22,cF40,cF9,cF33,cF16,cF2,cF26,cF11,cF20,cF5,cF30,cF15,cF39,cF25,cF34,cF18,cF10,cF28,cF21
(S)-(-)-2-Chloropropionic acid,64.12383,2216330.514,2216330.51,2216330.514,2216330.514,2216330.5,2216330.5,2216330.5,2216330.5,2216330.5,2216330.5,2216330.5,2216330.5,2216330.5,2216330.5,2216330.5,2216330.5,2216330.5,2216330.5,2216330.5,2216330.5,2216330.5,2216330.5,2216330.5,2216330.5,2216330.5,2216330.5,2216330.5,2216330.5,2216330.5,2216330.5,2216330.5,2216330.5
"1-Butene, 3-methyl-",55.083698,162512699.7,213388303,2246471762,3116345695,1335378.4,1.14E+10,154921336,1503186,4.59E+09,1528203.2,497040962,301912717,3.95E+09,889054801,227624528,1.46E+11,2.45E+10,2602958.8,7019036.6,2.96E+12,5.82E+09,4641283.9,18902276,9708658.8,1.99E+11,540515674,933220270,6722034.5,3681890.8,4.05E+09,22682612,5.88E+09
1-Hexanol,56.096915,955315374.6,164883927,2270807950,889997535.5,1668488.4,59602223,547569914,1732734.4,441615637,739605.55,373517551,168461490,3.03E+10,337565692,126712829,941026642,1.80E+10,4136280,81389226,8.22E+09,2.88E+09,3181878.7,36136958,60112007,1.19E+10,394858809,2.26E+09,20204977,11577224,1.86E+09,1.67E+09,737165176
"1-Hexanol, 2-ethyl-",57.101699,6523904853,4019342393,18885763811,7329405368,18842287,102426602,986495401,111921081,2.23E+10,26697042,4.15E+09,5.86E+09,6.18E+10,7.42E+09,1.88E+09,5.20E+09,6.41E+09,57958829,1.90E+09,1.56E+10,2.64E+10,230232889,339921748,562386977,2.46E+10,7.02E+09,1.31E+10,322921221,172485594,2.55E+10,7.40E+09,1.91E+10
"1-Nonene, 4,6,8-trimethyl-",69.129394,2583874384,329302412,6737956036,1315333025,3933134.8,48036228,551554008,18247469,2.94E+09,5569148.4,719800010,192664954,1.47E+10,2.43E+09,478730916,227584870,6.83E+09,2473144.6,95198413,3.13E+09,1.08E+09,6700389.8,35000626,31016912,3.44E+09,1.22E+09,3.77E+09,72276046,9259727.6,6.18E+09,796556110,6.78E+09
1-Octen-3-ol,57.059998,1788645671,17946395.9,2316811192,4250032185,5382936.7,51296389,891313272,5528821.7,501137086,1361704.6,1.05E+09,429325147,3.40E+11,7.41E+09,1.43E+09,1.80E+09,9.87E+09,31847400,387791514,1.41E+09,1.67E+09,25066506,13543918,165710471,1.90E+10,1.29E+09,3.27E+09,30710948,97691525,3.75E+09,3.57E+09,2.06E+09
1-Pentanol,55.076713,1740657819,325060802,4218946389,1542083937,3815608.2,838506427,604619578,4572549.1,575846517,660291.53,359334286,6622252.2,1.78E+10,642988671,159399552,106457130,3.27E+09,671462.84,31316706,6.02E+09,3.01E+10,5035076.7,32348746,2250140.2,4.01E+09,610131561,2.94E+09,40481726,4833613.2,1.91E+09,80711746,1.57E+09
"1-Propanol, 2-methyl-",74.103768,9010932.459,12278017.1,54585052.59,34960121.26,11572.349,633895091,5767671.7,76874.011,8434597.8,20406.893,1883150.7,11046197,80176619,5402035.2,7810932,52884394,19482710,479629.95,3892291,1.16E+11,13336982,3294244.5,5665540.4,198768.52,248359018,5336063.8,8854854.9,399581.18,3448.3486,44443670,18133855,79698939
"1,2-Benzenediol, O-dichloroacetyl-O'-(3-methylbut-2-enoyl)-(1)",82.900818,47858291.72,1546135.62,8458144.193,10757374.69,240614.77,14805.116,78439.452,14733.257,2410685.8,14361.897,9072864.1,6981548.4,71941583,2119220.1,134637.72,9.78E+12,143894.6,10173.327,9.72E+09,0,0,828587189,32358.026,22873498,1567452.4,382184.42,3126694.9,10316.318,2.26E+11,1819778.5,1.22E+10,106196.15
"1,2-Benzenediol, O-dichloroacetyl-O'-(3-methylbut-2-enoyl)-(2)",83.063051,38736725.47,2.28E+13,1.14E+14,3887665.822,39847.464,8.87E+11,4.86E+12,23079.946,3.05E+13,16788.509,2891856.4,4315427.6,32545587,3.11E+13,6.59E+12,2.24E+13,14469640,185466.81,8.63E+09,1.48E+10,185323634,953435272,377156.58,982177.39,48752898,1360105.3,6749785.6,256457.35,1.97E+11,21035864,20048093,13702945
"1,2-Ethanediol, dipropanoate",57.097484,697393883.5,67889338.5,37822478.43,193795226,1141979.6,15807612,83678622,4945126.7,1.11E+09,2254903.3,414991363,532225003,7.57E+09,579333829,258990099,636352237,731260948,6308264.8,164354701,4.27E+09,897094002,15174172,29096738,24109338,1.78E+09,241724979,995369336,19883258,16322507,1.95E+09,1.98E+09,7.87E+09
"1,6-Octadien-3-ol, 3,7-dimethyl-, formate",93.081992,121508353.3,14166568.8,314161511.2,73753965.88,71605.07,106811.06,6245675.1,115237.93,21109920,74627.419,172162.81,7924371.4,141218627,31785058,5053118.9,34216992,30271946,459625.32,5536508.2,95385511,250711241,1745207.6,2723869.8,1933777.3,63659274,23771498,52597351,1478508.8,4036024.4,1.03E+09,545246098,1.38E+09
"2-Amino-1,3-propanediol",60.05156,2584691616,750765406,3898488314,3609227877,7303501.9,28244794,165806800,6421513.8,1.09E+09,2783067.6,663070388,699654581,1.20E+10,1.56E+09,315754375,620421633,740297304,9039374.9,196501209,1.80E+09,1.76E+09,31755962,18885979,42284272,1.49E+09,422043240,988879697,10043901,20464690,2.47E+09,398174189,2.54E+09
"2-Butanamine, 3-methyl-",55.086736,600616652.8,97276609.3,911119582.2,274911849.3,1046342,427037844,33698544,1528363.2,1.15E+09,671523.24,130446163,114602533,3.27E+09,472401305,142197539,388429323,234911254,879601.52,102620395,869009914,1.16E+09,5026412.6,6469538,8952315.6,633212652,210005606,382468944,7703736.6,1454762.3,707908290,1.96E+09,632374526
2-Hydroxyethyl methacrylate,69.057647,620511006.4,140857018,592843744.4,387242073.8,833719,15293726,32821804,999047.97,197328806,341434.7,52380242,135388957,2.51E+09,319912399,42271399,130009553,487489135,3139941.8,200326975,529256339,5.37E+09,8447397.9,19746009,28156621,585592408,109315830,1.52E+09,21022052,5804392.4,3.93E+09,2.59E+09,4.14E+09
2-Isopropyl-5-methyl-1-heptanol,69.096784,126287651.4,12265664.9,57286480.64,1249568.519,232923.95,512602.26,1889840,276178.3,632221.93,174730.23,29739729,14389610,59971699,15785862,133835052,2.85E+09,284832043,3418597.1,157008876,444890088,882089497,10241435,22129056,23212487,1.16E+09,556866808,12308693,3397141.4,13927090,211367124,399286598,3.48E+09
"2-Mercapto-4,6-dimethylnicotinonitrile, TBDMS derivative",221.09831,4561399.387,0,0,1273143.269,5322.9524,75997.207,199033.76,13594.139,346664.93,3919.7114,0,634877.17,1172272.1,860977.27,0,913204.13,5862395.3,548279.8,4093445.9,6545202.9,20676735,7530.8398,142666.79,562094.5,28789243,12787816,4098015.6,26155.719,8453.3069,7251392.2,1601605.8,988825256
"2-Propanol, 1-butoxy-",57.096948,39106417.79,181805830,429332467.1,528988874.1,1469650.6,3119232.7,10505944,1205872.3,281970813,27782.913,35356921,86313627,3.52E+09,450372755,102960229,78521292,443137965,2401178,43069009,250850851,175231313,1382524.9,15949839,16027767,860782288,204512282,354190917,28350964,130374.05,4.18E+10,2.57E+10,7.53E+10
"2-Propenoic acid, 1,7,7-trimethylbicyclo[2.2.1]hept-2-yl ester, exo-",95.092992,4078261180,838218539,20673070.86,2742905535,7279489.4,60663391,489958405,8438782.2,1.48E+09,2853403.7,370662021,1.21E+09,1.90E+10,2.14E+09,489493733,563218580,2.18E+09,12284865,1.11E+09,2.55E+09,3.33E+10,32003635,118291320,152396831,3.62E+09,910078911,8.70E+09,164792206,31992337,2.01E+10,1.41E+10,3.09E+10
"2,3-Butanedione(1)",85.074082,2.79E+13,1.24E+13,5.61E+13,5.69E+13,1.07E+11,4.07E+11,2.59E+12,9.29E+10,1.50E+13,4.65E+10,7.92E+12,1.40E+13,1.19E+14,1.28E+13,2.58E+12,1.23E+13,6.60E+09,269175490,3.83E+09,52053312,7813512.2,922171.17,408475659,550546.26,3.03E+10,9.22E+09,180856070,84232.198,29429.026,6.16E+12,144335526,1.41E+10
"2,3-Butanedione(2)",86.050647,21953297551,23859691.8,10300205046,1544733035,62221.126,1.81E+10,2.80E+11,204260.56,5.70E+10,290422.1,5.01E+09,30626632,1.21E+09,260957643,21741229,227333045,4.62E+09,100313.02,112007367,87277076,373360400,8839014.8,447123639,1713617.1,3.43E+09,604475292,922742316,171068632,236486.78,369450919,136810153,1.43E+09
"2,3-Butanedione(3)",83.959053,4855237.401,316525.663,3746348.739,13886639.37,5381.622,192868.86,242165.83,3626.7484,830182.15,13349.437,2078014,9383542.6,17533377,5670055.1,312168.42,35047.396,308396.35,0,273959.28,210667.42,0,47688.656,68850.883,24812810,790504.33,189131.71,0,72119.478,20855.643,1839290.6,524267.34,809778.87
"3-Buten-1-ol, 3-methyl-",68.089686,1785680.769,17226356.9,411628897.8,205176867.9,12557.632,15463316,783566171,963906.86,670905610,676788.61,92798950,15281890,4.09E+09,531081723,38700559,9681444.9,324471692,382162.74,33345895,3.34E+09,14222429,3799508,9561031.3,2483713.7,744501986,248349392,398828273,7464440.5,320598.34,638928988,4743382,239538788
"3-Butene-1,2-diol, 1-(2-furanyl)-",97.1047,41030785.32,148482649,38116293.06,60520612.06,1010112.3,183495.4,3384834.6,107251.23,35030796,38353.826,5556964.5,87914435,7.25E+09,585444135,204498333,487646.17,11207489,2805108.5,5844733.2,49635154,86297384,27575.541,9007892.6,221225.67,106199342,108232027,2543934,129967.03,0,13327302,6966466.9,20672797
3-Carene,93.077331,30414045.05,13840872.4,36967057.73,33682562.08,12763.245,425510.54,1283964.7,80350.225,8220793,33970.588,603490.11,19394287,368393574,8656442,6159213.9,1764195.8,247792.46,13452.216,6972962.3,1697848.3,8878793.6,165849.92,151471.68,227924.49,26939929,6063335.4,26016418,260048.77,136065.12,45471489,9246726.7,11226084
3-Ethyl-3-methylheptane,71.108289,2516524033,1290223114,16740056211,5280462429,8941577.3,30313846,217785969,379119.79,106653011,8521680.7,193091460,2.72E+09,1.95E+10,4.24E+09,1.04E+09,45875201,107526554,5417312.2,186306540,861682310,87106927,1754369.7,57207970,49852899,4.20E+09,1.32E+09,9.51E+09,145506212,20269657,6.85E+09,719462140,5.01E+09
"3-Methyl-2-butenoic acid, cyclobutyl ester",82.874073,1.12E+13,7.39E+12,2.01E+13,2.88E+13,5.03E+10,1.54E+11,6.04E+11,1.91E+10,3.21E+12,1.66E+10,2.81E+12,8.79E+12,3.91E+13,4.25E+12,9.07E+11,5.05E+11,2.26E+09,120624518,2.59E+09,3.10E+09,688208.93,15977.586,194722222,1005.5235,8.98E+09,2.36E+09,2.65E+09,90570225,5.82E+09,3.35E+12,247593100,1.00E+10
3-Methylheptyl acetate,70.106104,12896609.12,414425781,115151434.5,110650745.1,44277.138,2188678.3,29915409,6082298.7,1.01E+09,1365846.2,157725642,259855494,1.27E+09,248578925,5655528.9,15472592,208319408,193929.77,198845267,42390231,1.34E+09,22251225,90791.913,27598458,69527458,14505668,180918907,959474.71,984511.99,178394277,68821736,123448767
3-Octanone,99.094267,16429934.91,4712983.81,7506920.743,95537256.34,26465.263,4311411.9,15352946,65116.363,20783140,26656.715,2770456.9,30358470,2.70E+09,63207874,22522290,2437524.5,134814595,409223.72,6755599.2,761123038,12106644,307560.87,405433.61,447625.98,246309761,54648266,22412092,164136.38,98440.049,172860147,9504938.7,7965882
4-Cyanocyclohexene,54.071793,270410647.3,49129923.5,227056885.8,71172530.17,309897.53,1470330.5,9445111.4,40411941,9.37E+09,85369921,1.43E+10,1.54E+10,2.05E+11,3.18E+10,9.12E+09,3.46E+10,3.22E+10,176721528,6.10E+09,7.26E+10,9.75E+10,774201506,1.05E+09,1.79E+09,8.50E+10,2.47E+10,4.66E+10,1.10E+09,585826872,6.13E+10,74093696,259884219
"4,6-Octadiyn-3-one, 2-methyl-",91.070016,18837449.23,2664860.48,8939479.088,11275235.95,148257.75,307286.5,2454627.9,73516.544,14280406,32124.107,19423950,6806279.1,77605791,28218230,1224841.4,874655757,1130821.5,195911.69,1932497.7,7712157.1,4.73E+10,432614.6,424104.66,1796559.6,10592763,10558018,29636702,485774.37,598883.79,116957973,3644736.9,8276769.1
"5-Hepten-2-one, 6-methyl-",108.1002,521755404.3,63911362.7,840205657.4,277639217.7,864449.06,4739871.9,55977389,1128248.9,928213034,711762.61,70826101,0,2.81E+09,457126118,122682889,1528177.9,199346577,31175.541,3280288,313188186,17048660,192698.03,7302085.7,230212.54,421353665,142679479,221241408,0,7597.5622,33593929,9997941.5,2919457.8
"7-Octen-2-ol, 2,6-dimethyl-",59.078835,307757726.6,89771138,443938496.9,371778617.8,1005531.6,762841.21,15639011,229568.06,208800023,554614.78,33593528,95294811,2.34E+09,160884048,54628483,91154923,118467957,1194363.7,134748464,277323819,377363961,10771312,5819440.2,25728415,893547759,304716742,340954480,25974042,75043676,2.75E+10,2.01E+10,4.96E+10
"Acetamide, 2,2,2-trifluoro-N-methyl-",58.061414,1522861082,584567427,2085906664,1896815064,4347410.6,26333243,125599129,4247220.3,781918961,1975147.8,302399809,635924929,1.50E+09,667735838,199163493,609136702,206509746,9892853.5,144963091,678867843,1.18E+09,15534767,25330875,28121181,410291721,485989771,540950190,17489488,15675005,1.83E+09,1.45E+09,1.71E+09
Acetoin,88.067037,465592623.6,16167917.9,106952612.1,62340212.66,49933.523,1.82E+09,1.24E+09,292466.42,2.50E+09,160485.81,21233311,37742372,218862962,87019024,23215567,3.46E+09,431737920,972859.79,26438475,3.57E+09,1.30E+10,1769458,1122300.5,10103567,485395121,63019627,162720627,1523472.7,2242546.7,122938423,28402743,1.43E+09
Acetophenone,105.0426,2706237506,702526994,3026283353,2866252220,6137075,51263932,220583031,6967344.7,1.37E+09,3521841.9,567827295,842868561,9.83E+09,1.39E+09,376926895,859596987,1.05E+09,7805202.7,287053807,2.61E+09,3.60E+09,30382049,39097093,67468529,2.84E+09,765807260,1.52E+09,35291213,42578489,4.92E+09,2.13E+09,4.24E+09
"Angolensin, 2TMS derivative",281.0499,4.53E+11,1.34E+11,7.00E+11,5.51E+11,1.15E+09,7.18E+09,1.72E+10,335147534,9.64E+10,183093752,3.28E+10,6.98E+10,2.13E+11,3.00E+10,7.73E+09,2.52E+09,1.77E+10,87870762,8.08E+09,2.46E+10,144984638,892590497,400444463,43386074,2.83E+10,7.21E+09,4.90E+10,1.09E+09,82556824,7.11E+10,4.61E+10,1.10E+11
Benzaldehyde,106.05323,11399455109,2432501712,17950240233,7208749959,22586249,78689644,1.19E+09,47514242,9.29E+09,21989801,6.73E+09,2.41E+09,9.84E+10,1.32E+10,3.08E+09,1.87E+09,2.05E+10,29357822,1.04E+09,3.04E+09,2.70E+10,132623498,188492410,347903083,1.46E+10,4.22E+09,1.42E+10,379137390,231713037,3.41E+10,5.65E+09,1.15E+10
"Benzenamine, 2-(2,4,5-trichlorophenylsulfonylamino)-5-methyl-",121.0912,3600070917,32798413.7,277116935.4,136495142.8,325436.37,115354523,34995306,59791883,1.04E+10,20820287,1.29E+09,3.14E+09,288567758,34305677,1990543.4,0,53137440,180502.41,5779914.2,1.23E+09,8087543.4,102885.62,2220001.6,139898.78,212723221,5846602.1,1.42E+09,7132611.6,110988.04,3.70E+09,52577564,3.02E+09
"Benzene, (1-methylethyl)-(1)",105.06932,1495240357,1023935641,66560824.68,126423133.4,4822707.7,17952578,959101.93,2214037,439635164,2242557.2,4390655.2,494948306,30312304,3836871,477547.1,755056608,247724770,136965.75,7237235.1,25770055,23541206,32351391,515393.21,510092.7,36099200,5979666.1,14488130,387196.91,65128120,37357589,32782449,17888570
"Benzene, (1-methylethyl)-(2)",105.07128,1514038782,1036959561,2599976442,1921973950,4837690.2,18176947,135779613,2209399.1,448880752,2274184.9,225753206,501790401,1.97E+10,2.36E+09,652780130,8303081.5,254289975,123911.22,2129467.4,2.23E+09,3.63E+09,301145.05,35143758,691033.73,2.29E+09,536667024,208738015,35426.209,291609.18,3.06E+09,17692939,909681326
"Benzene, 1,2,4-trimethyl-",105.06861,423229255.2,214465974,3748904693,434017273.5,1340117.4,8368817.2,450968220,1433881.7,196441384,757025.16,90280077,1167649.3,2.64E+09,433444729,72003180,1.57E+10,117382694,184839.79,1363782.9,3.87E+09,3.75E+09,19537142,50124294,225227802,2.75E+09,435529190,15215231,509084.2,166248528,2.16E+09,6134389.5,1.14E+09
"Benzene, 1,3-bis(1,1-dimethylethyl)-",175.16074,416148428.5,77621553.3,538917407.1,261986195.3,73534.152,6112532.9,74727699,12347934,2.65E+09,3451144.8,401050497,815637456,4.67E+09,717625598,200477510,719401572,676221542,3073326.5,128969894,737740070,14399004,172677.5,19374420,19804.848,1.28E+09,502694220,357450359,4617539.6,22891772,2.59E+09,3.13E+09,9.37E+09
"Benzene, 2-ethyl-1,3-dimethyl-",119.08273,4798510785,351256444,16136847608,2316537413,3933041,750760.48,1.04E+09,55155234,4.09E+09,50425.391,3.46E+09,442280326,2.17E+10,2.10E+09,384507810,324174581,4.41E+09,71407.719,6707447.8,60756644,21587240,6502897,545474.23,9847782.8,1.47E+09,824324856,4.92E+09,593815.32,26078449,5.78E+09,18746205,14117840
Benzeneacetaldehyde,91.077498,505267264.8,118238067,195577142.8,1765611582,770421.19,1144438.2,7925423.2,106480.81,58496799,208164.15,5.02E+09,907980364,4.02E+10,4.11E+09,741145861,505159777,1.01E+10,5664571.3,3946965.7,473126553,126811444,220096.6,3949234.6,22125791,6.47E+09,14448168,658024662,12825582,84559519,2.78E+10,380520520,288478449
"Benzoic acid 1,1-dimethylethyl ester",123.04466,1621339.565,1164907.3,14855851.91,2849057.268,26210.297,189952.01,3764717.5,29911.961,3868815.6,28849.015,6252534.3,11088271,113592991,41312791,7859197.5,2923443.4,76394641,5168.6173,37152421,96022755,807186767,1359218.8,3773171.2,5880917.1,56710645,5403901.9,167083316,4698752.2,424275.98,173058391,321730359,667340517
"Benzoic acid, 3-methyl-, 3-methylbut-2-yl ester",119.09268,996564268.3,168256820,2830068555,657483814,2112292,25571545,182728944,9175982,1.09E+09,2495076.1,330039592,6840438.7,2.19E+09,332355111,87888318,6286145.4,699522623,253705.45,4181077.7,934194685,26837046,355480.28,12648882,2338751.9,566922238,193609637,677125701,469889.2,440705.62,1.66E+09,20253170,34009482
"Benzoic acid, methyl ester",105.0363,40081779029,7765464032,36879375249,26418700087,75408732,643482187,2.19E+09,68665931,1.34E+10,31249477,4.62E+09,9.34E+09,1.20E+11,1.38E+10,3.28E+09,8.27E+09,1.02E+10,44889487,2.97E+09,1.40E+10,6.43E+10,170675265,318933150,660575739,1.38E+10,4.03E+09,2.06E+10,477050488,317768112,5.83E+10,3.00E+10,5.64E+10
"Bicyclo[3.1.1]heptane, 6,6-dimethyl-3-methylene-",93.079953,264378849.8,50886435.3,149160603.2,173487567.4,431462.33,5584837.1,262078282,2054495.2,250844246,1224470.7,8453846.2,3039638.1,3.76E+09,534125438,230924033,579531688,617499971,3010547.2,147356257,1.60E+09,2.82E+09,152892.37,23973443,45954862,2.07E+09,502080577,1.17E+09,20751604,293259.97,343251249,415323194,1.09E+09
"Butanoic acid, butyl ester",71.07694,11838683.46,60706283,11950389.43,17983283.59,71639.106,115552.04,4617717.8,24307931,3.16E+09,2869469.5,449004017,507879153,6.08E+09,941167239,242888755,5.85E+09,419818251,5780659.8,103476104,614078249,194070544,8184705.3,22799469,2729163.6,1.15E+09,377882342,386638111,13265563,26392562,387140956,1.21E+09,831758176
Camphene(1),93.085006,6345450784,1301576142,9979769307,525407956.5,9281037.7,185638266,1.14E+09,103266684,1.86E+10,35036166,3.29E+09,5.23E+09,8.86E+09,400886100,125271139,5261761.8,252491095,721438.01,1913048.5,2.45E+09,8726716.8,0,22221749,753189.78,159841192,393764377,2.48E+09,46891702,7317.944,6.36E+09,2.73E+09,5.12E+09
Camphene(2),93.071885,7928648203,1587011886,7424326765,5382919620,14599937,143824722,977744058,22713282,3.04E+09,5942515.6,745945322,1.98E+09,2.52E+10,3.06E+09,756758325,1.09E+09,8317431,9335496.3,741047623,3.37E+09,3.03E+10,106886.67,29733.772,422429.22,9617386,849846921,7.64E+09,165233245,52845863,2.34E+10,1.24E+10,8030379.6
"Carbonic acid, butyl phenyl ester(1)",94.05186,15193042.95,2906744.63,25834415.14,40035496.31,94871.817,708284.51,1649069.9,56665.565,5919140.6,563619.11,7148826.7,12691134,324193617,401556.3,2989233.6,95259722,4611809.5,866809.81,68942777,0,25424961,3445509.7,0,12484311,2446514.1,3362838.1,10227305,326909.67,4172339.4,52416992,429771846,0
"Carbonic acid, butyl phenyl ester(2)",94.052019,3727604915,108614582,71543437.21,565870458.4,268115.48,29709623,70828166,6567480.3,627018570,584754.2,273765533,365549505,1.15E+09,572248022,4234269.5,344255242,583645739,3173673.9,698923844,848831917,312814004,7932724.4,15535632,17389936,182442161,145307559,1.87E+09,3080025.3,9487347,7.04E+09,358187679,3.82E+09
Cyclobutanemethanol,57.05746,1766641628,276413689,398752418.3,0,373519.41,79332558,915841388,983118.34,2.65E+09,58614.077,660777495,213909368,407282616,9404446.2,518191.15,3.60E+09,1.04E+09,2681513.9,108479626,2.03E+09,347273950,5250979.6,12858834,3165485.3,235306932,30281313,1.84E+09,41396126,39644673,277279765,1.15E+09,4.38E+09
Cyclohexanol,57.072187,711409713.9,47905474.8,1183428757,204226006,1435283.6,11043543,12091875,2710250.9,683042772,1348981.4,327082763,342740273,6.22E+09,972733073,151105327,358336915,761989226,4387130.4,122207633,3.43E+09,148286059,5111857.6,1766458.2,13276522,941826044,392924976,658594822,12038669,1229336.5,1.37E+09,1.40E+09,4.66E+09
"Cyclohexasiloxane, dodecamethyl-",341.02604,5611597374,147316.636,11466774.96,12236620.74,38545.834,8700.9719,1012003.7,11407.467,5917478.9,75204.561,1640752.2,5377174.7,2.33E+10,2.92E+09,682629493,44707185,3.04E+09,15150215,25017081,2.58E+09,7.81E+09,53599490,2965476.8,4534296.4,3.57E+09,1.18E+09,2.21E+09,49744836,54733951,20248496,2.58E+09,5.41E+09
"Cyclononasiloxane, octadecamethyl-",429.14646,0,2289658.3,251626.4808,499319.4757,1130.9062,91454.043,0,10670.661,1689947.2,757.29391,90645.215,523515.24,6004746.5,277638.63,273208.98,2473213.8,289654.36,1149019.6,141367516,1291284.1,167772.95,6289601.1,4105542,28374366,222025971,66820687,1811539.7,1935543.4,47408.016,55443.38,0,237114536
"Cyclooctasiloxane, hexadecamethyl-",355.11271,6358010.191,1116170.3,37833284.14,10438593.99,4610.8152,283119.16,2894447.2,88657.498,13937050,11849.844,12446380,2852746.2,27313806,1318341.3,45412.212,3907710.1,303099734,4412699.1,111612970,11250895,20195227,19915440,757280.89,96846728,761731844,232186937,10532900,7016092.9,110678.2,16007921,447129458,746238042
Cyclopentanol,57.062995,1000404704,304199058,1087736824,585219709,2937369.4,44470467,990516458,3850863.7,509545781,1575572.3,305280118,172970365,4.90E+10,1.16E+09,612935258,198610497,2.45E+09,5608607.7,43101796,2.96E+09,1.02E+09,4737827,6303644,8761190.5,8.73E+09,70927444,317208391,39422922,10165008,4.84E+09,200365758,953505596
"Cyclopentanone, 2-methyl-",55.055072,25658820641,2844008233,63529145294,13421169017,38373725,476239533,3.88E+09,113059386,1.69E+10,43995307,5.83E+09,3.73E+09,8.18E+10,1.31E+10,2.54E+09,1.16E+10,3.49E+10,11467805,31708572,1.69E+10,580353256,2334607.9,120057022,11152265,1.10E+10,3.43E+09,2.49E+10,457249999,5183604.3,3.76E+10,7.60E+09,2.21E+10
D-Limonene,68.089199,389093667,254959394,2958566587,654001712.7,1837842.2,1857628.6,218789559,1327513.5,266327072,1640582.5,277627575,437106534,2.70E+09,232922918,91283819,654560.71,49396959,294190.45,13202769,253380897,14197122,1097191.3,9483455.4,9875068.3,635482107,200146359,220695636,7072.9567,90826.424,732964148,18234397,292822829
Diethyl carbonate,91.037425,313214057.3,490406713,1300460250,2498480978,3632478.7,5657420.6,37471217,1681263.2,168725625,1726676.6,61332382,613618652,853551081,167957988,48894301,6.68E+09,13786551,751401.57,4524556,9120494.1,6780374.8,374497083,286814437,632920387,42666522,21192573,46085664,199008.01,624082509,43541343,8494268.2,73119722
Difluorophosphoric acid,84.869111,9.48E+12,6.86E+12,1.59E+13,2.66E+13,4.65E+10,1.49E+11,4.95E+11,1.52E+10,2.56E+12,1.48E+10,2.26E+12,8.11E+12,3.95E+13,4.30E+12,9.23E+11,3.46E+11,1.21E+09,65147927,1.42E+09,1.69E+09,0,4039937.2,109100426,15451.461,4.89E+09,1.30E+09,1.48E+09,50525128,4.79E+09,3.28E+12,153607622,5.67E+09
Dimethyl sulfone,94.004992,130732403.3,7167715657,11839253117,25831992.33,1141931.2,214454670,51114744,19957134,3.21E+10,17798643,3.60E+09,1.68E+09,1.17E+09,18742111,2.64E+09,452412.38,21561504,46304268,1564699.4,663262306,38733889,346751.33,2050123.5,160189.26,60354808,7412247.3,6143553.3,1315297,14324474,7.52E+09,7426113.6,2.82E+09
Dimethyl trisulfide,125.96995,8397378.522,623304398,393920159.8,102800803.5,15852.193,5844585.8,9139844.5,554300.98,1.49E+09,582604.53,150607592,1147448.3,97036314,2999715.6,895126.42,11937196,86636775,1687610.8,147888.66,579399.93,25227828,3309.5133,28112.091,27246.195,6326022.7,900062.79,146223.28,1232815.2,45797.29,1662421.6,2305002.8,178601243
Dodecane,57.095196,373116367.2,189077522,1362003138,935466461.4,940117.99,51148.25,190693840,6175841.9,1.68E+09,4799876.9,356717599,1.28E+09,1.43E+10,3.23E+09,677588810,335150169,1.40E+09,1194407.6,82422750,2.48E+09,197901269,8532595,7203052.3,18275802,7.35E+09,699896541,463548370,21877417,325190.32,4.68E+09,460652696,915661042
Ethylbenzene(1),91.076803,15820913234,1.12E+10,24852357298,21240914148,52916347,219699796,2.11E+09,20799397,3.60E+09,25924862,2.97E+09,6.28E+09,1.63E+11,1.63E+10,4.20E+09,109796478,1.73E+09,69749990,3883303.9,8.88E+09,33660678,2958276.1,576661847,899679.12,3.58E+10,8.21E+09,1.06E+09,37637939,1.05E+09,6.11E+10,8604469.6,3.72E+09
Ethylbenzene(2),91.078013,314258602.9,123878826,39341653.61,124426055.9,115245.24,758263.03,5925755.7,118710.23,30895554,45403.099,5580318.3,318189306,295631446,26890585,11513451,309898343,16685074,694547.11,46017563,21747128,26989197,311787.15,2167085.4,1.24E+09,55556642,15599684,121022989,1017009.9,5104948.9,141048101,64528554,109987481
Ethylbenzene(3),91.063313,21958663.01,606410617,784826943.8,2555338987,5480538.9,6016103.3,48531571,592957.77,274853638,1834821.5,66908416,540651214,48572149,416814043,9552974.9,8.79E+09,22756195,540377.55,2322650.8,21868889,88294458,605751212,4548594.4,1.08E+09,12440798,19107727,28187721,469706.13,987959489,70279055,13190636,70215773
Feature 00001,75.844572,2458874978,136558600,5554802267,3563072580,8253410.1,8019576.5,36216009,1468430.9,1.53E+09,3496987.9,703069140,149472771,1.29E+10,1.48E+09,330657334,679909389,1.14E+09,7309235.6,157885227,1.01E+09,1.48E+09,17262557,19671231,35644046,1.47E+09,497651288,1.15E+09,16972568,29327387,3.34E+09,932044965,1.70E+09
Feature 00002,53.009448,2.22E+11,4.99E+10,4.10E+11,1.93E+11,661252946,3.92E+09,1.78E+10,586531948,1.13E+11,210412189,4.81E+10,4.83E+10,1.44E+12,1.46E+11,2.65E+10,6.02E+10,1.40E+11,487808236,1.14E+10,3.13E+11,1.93E+11,1.89E+09,2.47E+09,3.69E+09,2.04E+11,5.54E+10,1.55E+11,2.50E+09,3.19E+09,3.13E+11,9.82E+10,2.13E+11
Feature 00003,90.404478,10307986829,4182109867,20886664158,16588836769,19700885,306010454,845181357,30598787,7.60E+09,15676956,2.44E+09,4.16E+09,5.24E+10,6.19E+09,1.49E+09,2.65E+09,2.51E+09,170386.87,241847808,288823179,6.10E+09,97556.495,57959649,37839211,4.16E+09,27458894,26230655,76671609,32188290,1.48E+10,1.65E+09,31407398
Feature 00004,120.54458,4357832423,1227732060,9164086063,5914516119,111539.4,70084110,390598066,13859245,2.77E+09,5680608.8,1.16E+09,1.44E+09,712891344,83016053,16095818,1.10E+09,10411318,143476.05,469132.83,857526.44,57813349,190009.23,3907554.9,69087.865,49429817,253769.31,2290135.5,857534.11,117112.91,157458426,1907052.8,21496803
Feature 00005,77.051746,50860241028,6268709489,54431830597,26694890790,195000209,295000908,2.82E+09,84929821,1.28E+10,30135823,6.70E+09,6.30E+09,1.46E+11,1.66E+10,692492447,1.25E+10,9.42E+09,90195978,3.06E+09,7.65E+09,1.21E+10,230417829,329571978,749556490,3.85E+09,6.15E+09,1.06E+10,440979421,181937283,2.85E+10,1.10E+10,5.84E+10
Feature 00006,77.033051,47123975876,5859699272,50403631120,24975752768,182278303,271241061,2.43E+09,73967959,1.08E+10,27935648,6.24E+09,5.95E+09,1.36E+11,1.55E+10,624452393,1.12E+10,7.86E+09,69627263,2.54E+09,6.81E+09,1.10E+10,182418404,277711816,579991222,2.83E+09,4.66E+09,8.61E+09,370304355,153864068,2.50E+10,9.39E+09,4.89E+10
Feature 00016,82.875153,1.18E+13,403271.96,2674325.628,7220704.048,89955.217,99355.857,6.43E+11,5687.4083,240601.45,1.74E+10,708769.25,2151237.7,4.20E+13,794575.13,918221.73,4.24E+12,2.43E+09,132861852,2.82E+09,3.32E+09,43459.884,238976104,212149625,32485.979,9.75E+09,2.55E+09,2.84E+09,97497670,6.68E+10,3.66E+12,4568745.9,1.09E+10
Feature 00022,83.944948,5.89E+12,2.36E+12,1.17E+13,1.09E+13,2.23E+10,9.19E+10,4.45E+11,1.53E+10,2.64E+12,8.66E+09,1.60E+12,2.71E+12,2.86E+13,3.15E+12,6.86E+11,2.23E+12,1.36E+09,82421319,1.44E+09,1.56E+09,1334445.9,4261900.4,116367673,643.47221,6.29E+09,48306016,1.25E+09,48241962,3.59E+10,2.26E+12,1.66E+09,4.56E+09
Feature 00033,83.144891,1.76E+13,8.58E+12,3.92E+13,3.83E+13,6.66E+10,2.53E+11,1.89E+12,7.11E+10,1.21E+13,3.03E+10,5.36E+12,9.67E+12,7.76E+13,8.56E+12,1.84E+12,8.32E+12,542859184,75816700,5018304.6,18157770,32735789,865082.3,74182528,582478.76,3.47E+09,1.30E+09,24926734,19329363,100559.86,2.52E+12,63137777,39102015
Feature 00035,83.106348,3.89E+13,3.95E+12,8.35E+13,7.63E+13,1.46E+11,6.13E+11,3.71E+12,1.36E+11,2.35E+13,6.21E+10,1.13E+13,6.57E+12,2.02E+14,2.22E+13,4.71E+12,1.67E+13,114997.31,164683611,2.18E+09,5654326.6,80381692,97695.015,217688155,250582.36,1.50E+10,4.73E+09,42595858,73708104,179257.02,4.22E+12,115780021,9248536.6
Feature 00036,83.06393,5.47E+13,4.52E+12,1.13E+14,1.04E+14,2.08E+11,8.82E+11,4.80E+12,1.72E+11,2.98E+13,8.52E+10,1.55E+13,4.51E+12,2.82E+14,3.08E+13,6.54E+12,2.24E+13,1.48E+10,672683935,6982410.3,630658971,18437022,372575.72,900721932,303178.22,6.80E+10,2.08E+10,864211620,387709508,67.004262,1.12E+13,0,39370971
Feature 00038,285.86952,9299792.5,199700981,3139866.708,457678213.7,10054.162,1711.0053,82672.498,1443.2615,3721849.3,35514.158,3891651.8,202737496,3466079.8,564272.11,2204035.5,161224.49,0,0,54278.784,0,0,0,0,0,0,1775.6733,0,0,0,1562601.3,0,0
Feature 00039,91.053262,77632161035,7396687481,1835564629,2.06E+11,403420800,21902700,148080327,3419596,844033544,109097018,2.14E+10,1.20E+10,3.01E+10,3.62E+09,886751431,193335.25,41832223,25190918,827570291,967758567,49461177,306853.77,94787805,32400480,6.69E+09,1.47E+09,446293844,3471570.4,147645.23,1.44E+10,65133772,89199043
Feature 00043,93.070971,8059294.307,1310016367,33975168.31,42576890.27,63518.394,73064.796,485813,122613.05,5002690.4,34219166,3.21E+09,24602462,8.62E+09,19468433,3152474.4,1.52E+09,8142216.5,243374.51,11061387,4474700.9,24505096,435796.73,114351.23,155781.55,11478489,960220.87,3225975.1,17182.866,4376.4899,16857473,2.42E+09,65231156
Feature 00044,129.88354,78095147.75,2987570705,2983804.091,1882125839,559919.28,866276.1,3422470.4,399648.52,0,239828.61,31108427,3.10E+09,5667655.6,33391810,10477859,252992.65,0,0,33361.178,18616.704,251090.79,2867.0455,7209.1487,28969.598,203496.61,55976.199,513588.89,3364.1534,4253.611,68151734,20255.938,50194.841
Feature 00059,93.072022,352478296.7,9258379.13,464948688,301890284.9,1587568.5,2561767.6,3223768.4,45489.382,16384731,27203.906,1588082.6,21304193,239967267,13469811,5597912.9,1733012,2259924.3,43377.949,382049.94,113936483,15842053,454894.89,1176350.7,365075.49,17318710,41800961,26657826,896085.58,103725.33,46611596,6972290.2,55367138
Feature 00063,128.88037,16126585.67,157993242,5756395.273,326353005.2,649045.14,1320555.3,63884.213,30616.268,7530191.4,18371.739,13952711,183739665,23533328,527549.71,187322.21,18461018,14905.213,1963.5633,120558.91,7855.4562,693778.18,4649.3703,7078.9547,0,135074.94,34216.468,138237.54,3343.1987,0,1193558.9,27089.487,1348599.7
Feature 00066,85.081524,1409053210,15350911.8,366158666.3,60904342.09,11693.541,58724.545,5397193.8,3733431.2,10809790,38172.748,3445640.4,4984720,89173901,6433489.8,1005620.2,187124899,857389.8,266359.5,20654936,1089375.8,31562296,348066.37,69866.617,1399764.7,6136076.4,5304264.5,2324370.1,1441293.7,773611.89,875156369,166970519,95591017
Feature 00071,340.99367,5529188645,336046220,6875749998,1267609600,2474153.6,47594384,265691337,7890092.3,1.57E+09,6579776.7,1.57E+09,294711445,4.00E+09,391879023,108839515,1.56E+09,189767693,1557964.5,39027838,282093798,17028360,31091.571,5073721.8,101977.17,276425709,85451381,175063457,4606760.1,78337.96,715419584,234076133,395801779
Feature 00078,91.062132,954216286.6,523531660,2087205195,1076225632,2898232.1,19521844,188781010,2675440.7,503123048,1587120.3,234061069,437379088,1.67E+10,1.58E+09,464543004,1888956.6,222440078,91761.979,1767577.2,1.43E+09,33592635,3655795.3,35820785,29293142,2.03E+09,449725988,211868899,4789743,182542.55,2.54E+09,13927412,965423272
Feature 00079,149.04817,16251008974,49616552.8,26327124.88,39978579.06,37123.255,6535223.6,851576403,94713.534,5.00E+09,112569.37,6431064.3,5224681.1,165979640,3.77E+09,6295354.8,5.06E+09,22913175,28419511,746853948,13702748,7.03E+09,77205477,48560.252,187016937,41414143,8438884.7,33965346,625157.67,81070306,32158417,3.30E+09,10907555
Feature 00085,85.125659,5853983.36,708634.405,54633730.83,433878539.9,937082.11,211095.18,620246.25,92095.449,316647490,3065224,5222101.5,916302327,1.63E+10,2.64E+09,613176738,7736098,1.40E+09,1343128.2,21851984,1.81E+09,4184821,1172401.8,45116696,7144868.4,2.79E+09,1.32E+09,447658010,89364.003,36572.293,5.67E+09,393351675,5.56E+09
Feature 00097,169.20112,2154994.3,621673.148,374962.4391,3877910.858,1111.0169,219004.06,100642.6,3954.6548,3059160.6,0,320631.61,1621389.3,105788433,5533761.4,6379099.8,636852.08,0,251548.14,242001.23,1390316.2,500482.84,67590.492,143315.5,339266.7,0,11904597,18723679,0,101084.22,345238.34,74170565,327910884
Feature 00101,415.01201,3124819830,156092867,2719352490,520689165.1,1561696.6,23598236,9236118.3,485762.42,727883353,2992876.9,1.16E+09,147484219,1.82E+09,315545793,77073195,613432578,2460745.4,1165373.9,1190821.7,281467177,698855629,125136.53,5382138,237484.56,6677929,104651579,204037608,3705619.8,4747511.7,918205060,117451369,279127363
Feature 00102,57.100676,754013541,36370982.6,1917629927,137031127.7,3213803.1,19974489,205358764,6704390.4,2.17E+09,5352413.5,497226259,24376291,4.01E+09,823195788,131671764,3780402.7,541478761,3461691.7,130102914,381825121,463197127,13916357,14796966,20301912,807438282,473551472,570237129,3765483.2,12247670,2.40E+09,1.08E+09,3.44E+09
Feature 00105,69.09695,9557935.887,14093287.8,15143661353,3028864763,107289.87,345081.24,1.00E+09,32184551,3673314.1,346267.14,6959117.1,161366957,2.64E+10,3.95E+09,825128354,47769859,582207908,2438886.2,102533267,438056159,433552344,182094.7,15856647,11362489,821033907,342472570,329755651,1614178.7,10347652,755855175,806323731,2.66E+09
Feature 00108,88.054754,426220660.1,1016622.61,82624893.43,704218947.9,164942.66,1.68E+09,1.08E+09,35992.499,2.16E+09,106896.96,27831734,18162615,131460780,75226586,41658175,3.11E+09,349952019,158003.6,22591346,2.99E+09,1.11E+10,1610922.7,3592434.4,3371567.7,413836081,48776924,134196877,1484817.1,1121519.4,84069985,6011276.3,1.25E+09
Feature 00115,401.00194,12638230.45,570292.275,346367.1203,0,572.71383,137716.03,1037748.9,0,81881.079,1282.5798,1738625.7,382599,148959925,7817546.9,5360902.9,3093368.9,73850106,685794.25,29699699,17698218,53644478,1803199.1,2967876.5,150664.33,124646486,2988412.5,23940848,2209768.1,511410.11,0,139380444,11937282
Feature 00126,175.15158,418232476.7,78252185.1,538535120.1,263949547.7,75269.11,6103336.4,63246653,12104293,2.59E+09,3450383.7,400077615,819609881,4.65E+09,710709367,198973729,716791762,647944733,21132.237,126146912,714099139,9579424.6,126463.86,18528242,185138.76,1.22E+09,479164847,335800391,4471168,101693.46,2.55E+09,43834680,9.16E+09
Feature 00130,95.022765,788287974,251060578,1395544426,1198085665,1613754.6,9861544.4,56969936,1904815.5,567684930,954777.63,191029841,286000420,3.26E+09,374130042,107593956,211031489,296462015,2475726.6,109813979,406889612,575933656,9981923,9305759.1,18228146,603793233,237369919,454803581,6250241.6,7716341.6,976062518,173264064,920086949
Feature 00131,266.98571,47465126774,1303729206,39303387191,4934055963,8871864.2,162166083,1.36E+09,33278418,7.20E+09,50160060,1.76E+10,1.20E+09,2.33E+10,2.87E+09,563577777,2.47E+10,1.60E+09,18330423,504854905,2.10E+09,5.40E+09,56675637,60526762,100510600,3.27E+09,1.02E+09,2.16E+09,45193355,51946599,5.07E+09,2.02E+09,4.99E+09
Feature 00139,93.081194,264344044.1,50955948.1,149278691.7,173561501.4,433973.47,5584433.2,263493332,2075343.6,253092722,1213998.1,167770743,338495732,3.74E+09,531520372,230255104,574990341,618752327,3009575.2,146978671,1.60E+09,2.83E+09,15237994,23965246,46087545,2.07E+09,504158409,1.17E+09,20738556,293892.11,348872973,418615862,1.10E+09
Feature 00140,429.13011,0,0,358952.6676,2995835.612,6371.2023,22080.635,31668.29,5336.2539,0,0,0,2229853.2,2023762.3,71661.069,0,0,122759.38,146.65273,144143.93,2488735,1326689.5,3563.5924,25003381,16053.626,18037294,0,1834096.3,0,2054.3734,1191567.4,1180870.2,2957468.1
Feature 00141,121.10404,13064137.84,3103214.04,8932960.136,5450989.058,36829.432,55554.606,814265.93,52535.063,10925913,26071.266,2463837.9,202382.5,514906836,27123960,9395681.8,12119709,66482666,680340.69,35312106,101949691,848769237,2413367.8,4048221.4,6130199,91261760,43874714,231099537,4744710.6,386329.54,15333566,380403758,947000382
Feature 00155,221.15315,4050457.86,896453.393,7868678.333,6432378.119,2338.7439,37694.648,180343.93,6700.9806,158178.39,6071.4303,2469601.5,396219.74,54035143,5736333,284901.14,0,0,7056.358,64687363,274434.19,17542718,2104418.2,162971.72,15014806,2567619.1,456999.37,3326074,68580.139,13763.982,13401274,3.88E+09,13122078
Fluoroform,69.024562,2166920822,715353579,3022735949,2772035404,5918581.9,34939827,152908679,5343375.2,833935238,2308349.5,358902843,549038679,7.25E+09,658322136,210491285,706730093,571743061,5580655.5,102413807,806771857,810040111,20040404,13540201,135667721,975258482,275661236,760640421,11575217,16539330,2.18E+09,559126056,1.52E+09
"Formic acid, butyl ester",56.090221,56866724162,2509855746,95820423623,16235069370,40692267,2.12E+09,1.47E+10,328838090,7.84E+10,55128763,1.51E+10,7.19E+09,3.88E+10,4.29E+09,1.12E+09,1.84E+10,3.85E+10,37449241,2936195.6,5.93E+10,70907649,1286238.6,519573580,14307752,3.96E+10,9.80E+09,5.51E+10,1.11E+09,2708219.9,3.51E+10,3.93E+10,7.68E+10
"Furan, 2-pentyl-",81.062973,1355261206,297724069,8229284125,1193758772,3377239.9,8193573.2,159386691,7621631,1.34E+09,2539075.8,1.37E+09,584820188,1.27E+10,691665843,192174431,3183384.7,1.01E+10,113716.25,7651646.9,2.86E+09,118658865,541612.99,38426953,229862.92,4.04E+09,630026130,9.81E+09,105211.39,567303.23,1.34E+09,967328624,1.10E+09
Hexadecane,71.111218,23037530.11,1863656.75,31900073.67,75351880.64,10947.687,523499496,9449432.5,211268.28,6598631.5,74197.556,26929691,46814321,2.13E+10,3.93E+09,766205607,7.84E+09,2.29E+09,5625755.8,53354484,1.47E+11,194783469,2753375.7,31162615,7339317.8,1.25E+10,993071281,665671661,4320122.1,6789415,7.35E+09,2.36E+09,9.14E+09
Hexanal,56.092671,19404556652,3511465892,1.30E+11,5060413226,82380206,7932508.3,659520282,86862234,1.21E+10,45010456,1.05E+10,4.42E+09,9.37E+10,2.40E+09,786083781,149811200,2.26E+10,24362248,1.50E+09,411344519,465497116,1157238.1,132695068,2037744.6,5.14E+09,3.27E+09,9.76E+10,1.42E+09,6652049.4,1.17E+10,7.80E+09,3.74E+09
Isoborneol,95.096848,2853452988,443734585,4056917213,2318039437,6204465.6,83042072,597608356,12485752,2.41E+09,4225170,578216925,665972002,3.77E+09,468873084,130006644,646556890,1.45E+09,2926184.3,201163955,5.13E+09,1.26E+10,28413778,53886209,91243539,3.93E+09,720067161,2.48E+09,53996929,18362773,7.91E+09,4.47E+09,1.23E+10
"Methylamine, N,N-dimethyl-",58.095599,17208386.55,240249966,3409846409,654014050.6,196623.58,0,5809254.5,13408732,362087289,6337044.2,673590688,24309029,3.08E+09,85501102,4581529.3,9891143.6,17349043,4804090.8,176094531,617777276,1.64E+11,10510470,9421306.9,1.59E+09,701552213,22365513,4.84E+09,36923822,1416958.6,415260659,53630568,497979427
N-Isobutyl(phenyl)methanesulfonamide,91.059487,16385747.59,284103653,1448376289,798940028.4,2440412.6,398460.45,14411427,5674154.4,898140675,1019249.9,5134692.5,21815441,382540926,284082945,3225078.3,552359794,8030345.1,94060.971,3954238.4,8248087.9,14263986,25454827,6653251.2,649782.15,390063273,2811882.2,204755807,128545.15,45890978,805534778,13246972,7096846.9
"N-Methyl-L-proline, pentyl ester",85.10277,1.94E+13,8.45E+12,4.02E+13,3.92E+13,7.33E+10,2.80E+11,1.88E+12,6.81E+10,1.10E+13,3.28E+10,5.66E+12,9.53E+12,8.43E+13,9.04E+12,1.83E+12,8.81E+12,83647620,111888035,1.93E+09,224101095,4945680.7,6881830.3,207697670,570699.5,1.30E+10,4.18E+09,44549976,4860931.9,4.18E+10,2.75E+12,2.64E+09,7.75E+09
n-Propyl acrylate,55.057247,6339287408,225929025,10485869312,576640372.3,5165753.8,238575645,1.37E+09,27644567,1.13E+10,8163114.2,231981531,53927523,3.28E+09,559547137,180487729,23691701,3.28E+09,3042919.5,88512584,5.27E+09,1.18E+09,1118952.8,67869478,3370808.6,4.94E+09,1.40E+09,6.20E+09,126872586,893667.45,4.15E+09,161662924,8.12E+09
Nonanal,57.079629,2740620879,767185907,5199724336,2516783341,9887550.8,33032985,177393420,14303000,2.47E+09,7216414.8,1.23E+09,1.32E+09,7.84E+09,1.27E+09,265095416,80319582,743666008,10128237,432877353,411924922,909705216,4344192.3,75044762,9373072.6,2.45E+09,1.54E+09,1.82E+09,50457280,10190359,3.55E+09,184354104,221025724
Œ±-Terpineol,93.084221,25624855.05,12847290.9,46737912.05,42265329.1,30872.922,930043.59,324101.92,206447.04,4444369.1,38904.581,10506157,7143030.7,103619957,53465469,2731934.8,2939794.5,26234493,329885.33,557945.42,40964031,102922431,695545.34,819159.91,1220643.1,67438830,10302757,21397960,1549858.3,3256814.5,1.72E+09,1.18E+09,1.86E+09
"Pentanoic acid, 2,2,4-trimethyl-3-carboxyisopropyl, isobutyl ester",71.07253,15158985.81,13253961.2,48932118.82,71526260.51,127961.71,105869.18,6336623.6,214230.21,18779631,32400.88,9562083.1,5689043.1,492247757,17959439,8043631.1,13543187,1.18E+09,9341165.2,205894638,30826014,3.96E+09,36952566,26377732,65807942,1.62E+09,417787110,2338890.8,26337957,82250.933,105120524,1.56E+09,6.70E+09
"Propanoic acid, propyl ester(1)",75.063587,1287120891,30554960.5,853255653.4,35926167.7,7741588.9,21467760,123485622,4210382.7,364775551,997927.02,89743532,47670674,5.27E+09,697511500,92990432,3.67E+10,8.41E+09,104659864,4.88E+09,286446187,2.72E+12,433559617,20407010,9.29E+10,2.96E+10,282930394,363392270,4766823.1,1.61E+09,1.03E+09,56344429,484046053
"Propanoic acid, propyl ester(2)",57.058217,170834178.5,36669143,773416272.7,130351584.1,3481729.5,31335289,5084997.8,198943739,1.17E+11,1.90E+09,2.45E+11,2.46E+11,7.17E+11,9.64E+10,2.85E+10,9.47E+10,5.43E+10,258875120,1.26E+10,2.69E+10,9.33E+09,79376835,1.44E+09,150135397,9.23E+10,3.21E+10,5.09E+10,1.31E+09,76398268,5.83E+11,33981216,1.01E+09
Pyridine,79.049022,15277324912,3692391096,22839578535,28761036954,53527496,272559646,625748478,30851385,5.02E+09,17629754,3.05E+09,4.10E+09,7.60E+10,8.47E+09,2.26E+09,8906950.4,4.68E+09,47454882,1899072.9,5.74E+09,1.05E+09,432727.84,124612787,262843.22,1.13E+10,2.08E+09,4.50E+09,71252051,301521.99,1.85E+10,64253133,1.10E+10
"Sulfone, 2-hydroxypropyl t-butyl",57.099254,985362989.5,105933969,67584819.71,1564558287,1375599.1,3.89E+09,246263796,1019225.2,1.24E+09,4819002.4,204758161,738345053,2.61E+10,4.27E+09,1.05E+09,5.02E+10,7.28E+09,3158408.9,53427762,1.27E+12,112094206,1918237.7,71489612,7762043.8,5.64E+10,1.88E+09,1.06E+09,3551385.2,5987978,9.65E+09,700923081,7.89E+09
tert-Butyl Hydroperoxide,57.059387,33978717.94,582158626,2437187336,2003912083,7737369.4,37044687,106246869,9265763.3,1.80E+09,5068540.7,931208219,1.01E+09,5.26E+09,870343181,210177051,41992020,486026358,1265023.1,82808936,249538665,581197631,144368.48,51263314,6633847,77755161,984987420,1.37E+09,33680729,939474.7,2.39E+09,526880577,358346607
"Tricyclo[3.1.0.0(2,4)]hex-3-ene-3-carbonitrile",103.03395,2135966159,470838750,3716653934,2575338735,6303442.9,34328584,137559905,6624382.1,1.14E+09,2558607.7,511440512,702569170,8.81E+09,1.27E+09,261805284,858980760,508728126,3758952.1,89317513,674862689,1.01E+09,10668369,12107125,18193942,804506726,261862757,716578304,5278084.5,19333386,2.88E+09,257826776,1.11E+09
"Tridecane, 2-methyl-",71.111472,48404111.75,3023153.44,28615848.53,26232481.63,34837.506,363171.13,5030980.5,34011.004,9764301.5,85978.86,13852961,3395558.8,2.92E+09,826869157,182403169,17784689,375562950,2460489.1,51300748,511870018,214417098,5780106.6,5251790.1,16389548,516216091,227173121,139911598,4538125.6,224138.75,50173581,1.07E+09,3.18E+09
Undecane,57.096343,166159353.9,23411885.8,38536872.68,23216856.52,214624.55,873431.42,3539213.2,2341264.6,243148671,1643619.6,69885774,523356791,7.19E+09,1.03E+09,240263289,186207621,435361707,2035999.9,62205703,415589301,1.81E+09,5101555.9,14021605,23687696,1.32E+09,441672184,265725765,2059499.8,11744053,2.09E+09,824376493,2.20E+09
"Undecane, 3,7-dimethyl-",57.096554,100901802.2,5855809.67,13502908.36,155623381.3,224224.87,11105193,45779119,28142.619,21661362,35883.314,6409020.4,16910835,322544078,2.55E+09,482717490,1.01E+09,883003806,6383017,39041217,725940669,587404040,5224474.9,28838423,4827601.2,287918135,120179717,657912436,11870824,15456827,2.22E+09,2.68E+09,9.17E+09
"Undecane, 4,7-dimethyl-",57.095989,178809.9038,13043095.8,48960715.44,107306187.3,56993.905,214330.19,5581204.5,258215.59,25123877,1163932.8,107815418,521622303,4.35E+09,15278262,157729379,254323102,235086607,4383594.9,107991674,657437581,1.16E+09,9876098.8,20647065,23530296,50947924,298486537,265049726,1438036.2,19820044,1.56E+09,885708139,4.19E+09