sampleID,sampleID,Lactobacillus_crispatus,Lactobacillus_iners,Gardnerella_vaginalis,Campylobacter_fetus,Staphylococcus_xylosus,Klebsiella_michiganensis,Fannyhessea_vaginae,Lactobacillus_jensenii,Lactobacillus_mulieris,Ca_Lachnocurva_vaginae,RUG841_sp900313795,Megasphaera_lornae,Lactobacillus_gasseri,Aerococcus_christensenii,Klebsiella_pneumoniae,Nanoperiomorbus_sp004136275,Sneathia_vaginalis,Anaerococcus_prevotii,Staphylococcus_epidermidis,Acinetobacter_baumannii,Finegoldia_magna_H,Berryella_sp001552935,Prevotella_bivia,Peptoniphilus_harei,Streptococcus_mitis,Peptostreptococcus_anaerobius,Prevotella_amnii,Amygdalobacter_nucleatus,Prevotella_sp000479005,Prevotella_timonensis,Parvimonas_sp001552895,Escherichia_coli,Anaerococcus_lactolyticus,Sneathia_sanguinegens,Enterococcus_faecalis,Corynebacterium_aurimucosum,Dialister_sp001553355,Bacillus_spizizenii,Fenollaria_massiliensis,Propionimicrobium_lymphophilum,Candidatus_Saccharibacteria_genomosp_TM7_H1,Prevotella_sp000758925,Prevotella_colorans,Limosilactobacillus_fermentum,Streptococcus_thermophilus,Salmonella_enterica,Staphylococcus_aureus,Streptococcus_anginosus,Peptoniphilus_lacrimalis,Dialister_micraerophilus,Listeria_monocytogenes,Prevotella_denticola,Varibaculum_cambriense_A,Prevotella_disiens,Winkia_neuii,Streptococcus_agalactiae,Metamycoplasma_hominis,Ezakiella_peruensis,Cutibacterium_acnes,Atopobium_deltae,Porphyromonas_asaccharolytica,Anaerococcus_vaginalis_B,Peptoniphilus_duerdenii,Gemella_asaccharolytica,Bifidobacterium_infantis,Varibaculum_cambriense_B,Mageeibacillus_indolicus,Acetatifactor_intestinalis,Ezakiella_sp900540185,Limosilactobacillus_reuteri,Bifidobacterium_breve,Corynebacterium_amycolatum,Corynebacterium_riegelii,Mobiluncus_curtisii,Alloscardovia_omnicolens,Peptoniphilus_coxii,Clostridium_beijerinckii,Corynebacterium_accolens,Corynebacterium_sp001767255,Staphylococcus_hominis,Anaerococcus_murdochii,Streptococcus_pyogenes,Parvimonas_parva,Arcanobacterium_A_urinimassiliense,Falseniella_ignava,Mobiluncus_mulieris,Corynebacterium_kefirresidentii,Actinotignum_timonense,Peptoniphilus_sp000478985,Porphyromonas_uenonis,Corynebacterium_pyruviciproducens,Prevotella_corporis,UBA4285_sp022769005,Slackia_exigua,Megasphaera_hutchinsoni,Lawsonella_clevelandensis,Ureaplasma_urealyticum,Anaerococcus_vaginimassiliensis,Facklamia_hominis,Tannerella_forsythia,Stomatobaculum_sp002892395,Prevotella_veroralis,Fastidiosipila_sanguinis,Peptoniphilus_rachelemmaiella,Levyella_massiliensis,Veillonella_montpellierensis,Ureaplasma_parvum,Jonquetella_anthropi,Trueperella_bernardiae,Olegusella_massiliensis,Pauljensenia_turicensis,Pseudoglutamicibacter_cumminsii,Corynebacterium_coyleae,Corynebacterium_urealyticum,Corynebacterium_xerosis,Anaerococcus_degeneri,Urinicoccus_massiliensis,Lacticaseibacillus_rhamnosus,Limosilactobacillus_vaginalis,Anaerococcus_marasmi,Corynebacterium_imitans,Brevibacterium_ravenspurgense,Staphylococcus_haemolyticus,Fusobacterium_pseudoperiodonticum,Mediannikoviicoccus_vaginalis,Pseudoglutamicibacter_albus,Berryella_sp900604965,Brevibacterium_aurantiacum,Prevotella_jejuni,Peptoniphilus_gorbachii,Varibaculum_massiliense,Peptostreptococcus_sp000758885,Bifidobacterium_adolescentis,Porphyromonas_sp001552775,Anaeroglobus_geminatus,Peptoniphilus_pacaensis,Parvimonas_sp000214475,Nosocomiicoccus_ampullae_A,Georgenia_A_faecalis,Winkia_sp002849225,Limosilactobacillus_coleohominis,Bulleidia_extructa,Fusobacterium_animalis,Peptoniphilus_sp900343085,Anaerococcus_hydrogenalis,Mycoplasmopsis_maculosa,Actinotignum_sanguinis,S5-A14a_sp900112915,Sutterella_sp900762445,Corynebacterium_sp001831515,Atopobium_minutum,Anaerococcus_sp900258475,Corynebacterium_sp002363255,Arcanobacterium_A_sp000758825,Collinsella_aerofaciens_H,Granulicatella_elegans,Fusobacterium_vincentii,Nanoperiomorbus_sp002313515,Anaerococcus_provencensis,Finegoldia_magna,Aerococcus_urinae,Streptococcus_constellatus,Bifidobacterium_dentium,Haemophilus_influenzae,Peptoniphilus_sp902363535,Corynebacterium_striatum,Citrobacter_freundii,W5053_sp000467935,Faecalibacterium_prausnitzii,Blautia_A_luti,Corynebacterium_mucifaciens,Gleimia_europaea_A,Agathobacter_sp900543445,Stomatobaculum_naviforme,S5-A14a_sp000758905,Pauljensenia_radingae_A,Anaeroglobus_vaginalis,Helcococcus_massiliensis,Negativicoccus_massiliensis,Bifidobacterium_thermophilum,Bulleidia_moorei,Corynebacterium_tuscaniense,Lancefieldella_parvula,Mesosutterella_massiliensis,Corynebacterium_minutissimum,Megamonas_funiformis,Anaerococcus_sp900232825,Streptococcus_gordonii,Corynebacterium_sanguinis,Aerococcus_urinae_B,Anaerococcus_octavius,Ruthenibacterium_lactatiformans,Anaerococcus_vaginalis,Alterileibacterium_massiliense,Miniphocaeibacter_sp012841535,Prevotella_intermedia,Eisenbergiella_sp900550285,Globicatella_sanguinis,Streptococcus_salivarius,Gemella_sanguinis,Prevotella_bergensis,Peptoniphilus_obesi,Bacteroides_uniformis,Lactobacillus_delbrueckii,Corynebacterium_glaucum,KA00134_sp001574395,Neisseria_meningitidis,Nanchangia_anserum,Prevotella_copri,Blautia_A_sp900066335,Anaerococcus_urinomassiliensis,Anaerococcus_senegalensis,Cutibacterium_avidum,Eggerthella_lenta,Blautia_A_obeum,Veillonella_parvula_A,Staphylococcus_simulans,Criibacterium_bergeronii,Granulicatella_adiacens,Lancefieldella_rimae,Anaerococcus_jeddahensis,Eubacterium_maltosivorans,Megasphaera_elsdenii,Peptoniphilus_nemausensis,Corynebacterium_sp001807485,Staphylococcus_warneri,Rothia_aeria,Helcococcus_sueciensis,Anaerobutyricum_soehngenii,Streptococcus_equinus,Urinicoccus_timonensis,Dorea_A_longicatena,Anaerococcus_ihuae,Peptoniphilus_timonensis,Bacteroides_fragilis,Mediterraneibacter_faecis,Peptoniphilus_phoceensis,Fictibacillus_nanhaiensis_A,Pyramidobacter_piscolens,Acutalibacter_muris,Anaerococcus_rubeinfantis,Boudabousia_liubingyangii,Leptotrichia_buccalis,Aerococcus_sanguinicola,Prevotella_sp900548585,Anaerostipes_hadrus,Collinsella_sp900549355,Alloprevotella_sp905369775,Shuttleworthia_satelles,Bifidobacterium_longum,Corynebacterium_sp001875725,Actinomyces_urogenitalis,Neisseria_gonorrhoeae,Oliverpabstia_faecicola,Actinomyces_oris,Bifidobacterium_angulatum,Prevotella_melaninogenica,Peptoniphilus_catoniae,Rothia_mucilaginosa,Mycobacterium_shigaense,Staphylococcus_pasteuri,Selenomonas_sputigena,Abiotrophia_sp001815865,Paraprevotella_clara,Enteroscipio_rubneri,Anaerococcus_sp943908415,Lachnospira_rogosae,Prevotella_copri_B,Pandoraea_apista,Prevotella_oris,Oligella_urethralis,Mediannikoviicoccus_massiliensis,Sutterella_wadsworthensis,Bulleidia_timonensis,CAG-95_sp000438155,Mogibacterium_diversum,Bariatricus_comes,Lachnoclostridium_A_edouardi,Collinsella_sp002305035,Blautia_A_faecis,Lachnospira_sp900545725,Blautia_A_sp018919065,Khoudiadiopia_massiliensis,Dysosmobacter_welbionis,Eubacterium_G_ventriosum,Staphylococcus_lugdunensis,Neisseria_sp002237445,Oribacterium_sp000160135,Dolosigranulum_pigrum,Anaerococcus_nagyae,Acetatifactor_sp900066565,Hominisplanchenecus_faecis,Prevotella_loescheii,Acidaminococcus_intestini,Gemella_morbillorum,Lachnospira_eligens_A,Varibaculum_vaginae,Ruminococcus_gnavus,Limiplasma_merdipullorum,Ndongobacter_massiliensis,Dorea_formicigenerans,Brevibacterium_mcbrellneri,Barnesiella_intestinihominis,Anaeroglobus_micronuciformis,Eubacterium_I_ramulus,Chlamydia_trachomatis,Pediococcus_acidilactici,RUG115_sp900066395,Streptococcus_xiaochunlingii,Urinicoccus_sp001299455,Actinomyces_sp915069725,Roseburia_intestinalis,Veillonella_parvula,Lactococcus_lactis,Murdochiella_vaginalis,Flavonifractor_plautii,Actinomyces_massiliensis,Holdemanella_sp003458715,Blautia_A_sp900120195,Helcococcus_kunzii,CAG-45_sp000438375,Olsenella_uli,Streptococcus_cristatus,Copromonas_sp900066055,Anaerococcus_sp900541365,UBA636_sp900546285,Actinobaculum_massiliense,Orrella_dioscoreae,Enterocloster_sp000431375,Veillonella_dispar,Roseburia_sp001940165,Kallipyga_gabonensis,Paratractidigestivibacter_faecalis,Prevotella_seregens,Treponema_phagedenis,Bilifractor_porci,Helcobacillus_massiliensis,Brevibacterium_luteolum,Actinomyces_sp000220835,Adlercreutzia_equolifaciens,Catonella_massiliensis,Leptotrichia_hongkongensis,Dermabacter_hominis,Bifidobacterium_animalis,Limivivens_sp900543575,Prevotella_enoeca,CoprococcuA_catus,Lactococcus_garvieae,Ventricola_sp900542395,Roseburia_hominis,Alloprevotella_timonensis,Anaerosphaera_mikwangii,Lactiplantibacillus_plantarum,Johnsonella_sp900766185,Streptococcus_urinalis,Eisenbergiella_sp900066775,Roseburia_inulinivorans,Muricomes_fissicatena_A,SFGY01_sp004556455,Pauljensenia_sp000411415,Blautia_A_sp900066145,Arachnia_timonensis,Corynebacterium_jeikeium,Lacticaseibacillus_paracasei,UBA11524_sp900769075,Flaviflexus_massiliensis,Actinotignum_schaalii,Pandoraea_sputorum,Clostridium_Q_sp000435655,Parvimonas_sp015257355,Fusobacterium_nucleatum,Catonella_morbi,Leptotrichia_shahii,Berryella_intestinalis,Fusobacterium_periodonticum,Peptidiphaga_sp000466165,Porphyromonas_pasteri,Corynebacterium_vitaeruminis,Filifactor_alocis,Hominisplanchenecus_sp905214675,Ventricola_sp004557905,Treponema_pallidum,Coprococcus_eutactus_A,Lachnoclostridium_B_sp900066555,Choladousia_sp902363665,Blautia_A_sp003474435,Cryptobacterium_curtum,Centipeda_artemidis,Limosilactobacillus_oris,Enterocloster_sp001517625,Collinsella_bouchesdurhonensis,SFMI01_sp004556155,Blautia_A_sp900066505,Lachnoanaerobaculum_sp000296385,Gleimia_europaea_B,HGM12545_sp900761925,Pauljensenia_sp000185285,Ventrimonas_sp003480315,Pauljensenia_sp018382595,Leptotrichia_wadei,Treponema_sp000775995,Lachnospira_sp000437735,Veillonella_atypica,Baileyella_intestinalis,JB111_sp900163555,Centipeda_sp001717585,Blautia_A_sp900541345,Pauljensenia_odontolytica_A,Prevotella_sp000163055,Actinomyces_gerencseriae,Actinotignum_urinale,Selenomonas_sp905372355,Bifidobacterium_scardovii,W11650_sp002999035,Ruminiclostridium_papyrosolvens,Caproicibacterium_lactatifermentans,Pauljensenia_meyeri,UBA1712_sp016290615,Lachnoanaerobaculum_umeaense,Acetivibrio_clariflavus,Scatomonas_hejianensis,Lachnoanaerobaculum_saburreum,Fimadaptatus_sp900553645,Eubacterium_F_sp003491505,Enterocloster_clostridioformis,JAGTTR01_sp018223385,Sellimonas_avistercoris,Cutibacterium_modestum,Helcococcus_ovis,Holdemanella_biformis,Blautia_A_sp000285855,Peptidiphaga_gingivicola,Staphylococcus_pseudintermedius,Mediterraneibacter_sp934309345,Georgenia_subflava,Actinomyces_naeslundii,Corynebacterium_phoceense,Sodaliphilus_sp004557565,CAG-317_sp000433215,Porphyromonas_gingivalis,Acidipropionibacterium_jensenii,Collinsella_sp003466125,Blautia_pseudococcoides,Enterocloster_sp900541315,Lacrimispora_xylanolytica_C,Actinomyces_sp002999235,TWA4_sp000875945,Ventrisoma_faecale,Collinsella_sp905215945,Choladocola_sp003480725,Collinsella_sp900546455,Corynebacterium_lactis,Ventricola_sp900548125,Leptotrichia_sp001553645,Clostridium_Q_symbiosum,Mycobacterium_tuberculosis,Agathobacter_ruminis,Schaedlerella_glycyrrhizinilytica_A,Bogoriella_caseilytica,Limivivens_sp900066135,Streptococcus_intermedius,1XD42-69_sp014287635,Eubacterium_I_sp022781925,CHH4-2_sp018785315,Holdemanella_sp900556915,Pauljensenia_pyogenes_A,Prevotella_fusca,Blautia_sp900541955,Actinomyces_sp001278845,Corynebacterium_atypicum,Pandoraea_faecigallinarum,Veillonella_rodentium,Eubacterium_G_sp000434315,Copromonas_sp900066785,Copromonas_sp000435795,Bifidobacterium_choerinum,Murdochiella_massiliensis,Collinsella_vaginalis,UBA4292_sp902790095,CAG-510_sp002432425,Sutterella_megalosphaeroides,Eisenbergiella_tayi,Eubacterium_Q_ruminantium,Anaerostipes_caccae,Blautia_A_sp900066205,Faecalimonas_umbilicata,Luxibacter_massiliensis,Eubacterium_limosum,Blautia_A_intestinigallinarum,UBA3402_sp003478355,Caecibacter_massiliensis,Choladocola_sp018223365,Paralachnospira_dongpingensis,Merdisoma_sp014290175,Oribacterium_sp013394775,JAEZWM01_sp023443025,Cryptobacteroides_sp000433355,Marvinbryantia_sp900066075,CAG-45_sp002299665,Corynebacterium_casei,Streptobacillus_moniliformis,Arachnia_propionica,Gottschalkia_acidurici,Schleiferilactobacillus_harbinensis,Merdisoma_sp009917555,Corynebacterium_doosanense,Murimonas_intestini,RUG115_sp023390555,Corynebacterium_timonense,Corynebacterium_epidermidicanis,Histophilus_somni,Fimimorpha_sp900045905,Laribacter_hongkongensis,Longicatena_caecimuris,Pauljensenia_sp902373545,Eubacterium_G_sp000432355,Granulicatella_balaenopterae,Secundilactobacillus_malefermentans
cF01.01,cF17,658940,56134,104,5696,0,0,31,0,0,0,5350,19,8366,0,0,1526,21,0,98,33,391,11,81,44,0,28,50,8,4,8,8,0,0,14,0,130,29,0,7,0,0,0,0,0,14,0,0,13,0,25,0,0,0,0,0,0,0,0,258,0,14,77,0,0,0,0,9,0,6,1561,29,99,0,0,0,0,0,0,0,0,0,0,0,0,0,0,211,0,0,0,0,28,62,0,0,189,0,0,0,20,5,0,0,0,0,0,0,17,0,6,0,3,0,0,0,0,0,0,0,13,30,0,0,0,0,0,0,0,0,0,12,0,0,0,0,0,0,0,0,0,0,0,0,6,23,0,0,0,0,0,0,0,11,0,12,0,0,956,8,0,0,0,0,0,0,0,0,0,67,50,0,0,21,3,0,0,0,0,0,0,0,0,0,9,0,57,0,0,0,0,6,0,0,0,0,0,5,0,0,0,0,0,12,23,0,0,0,0,118,19,0,0,4,0,7,0,0,0,0,0,0,0,0,0,0,0,0,0,11,0,0,0,0,0,14,22,0,0,44,8,0,0,0,0,0,37,0,0,0,0,0,0,5,11,0,0,0,0,0,0,0,0,0,0,0,0,0,70,0,0,0,0,0,0,0,0,0,0,0,10,0,0,0,36,0,0,0,0,0,0,0,0,0,0,0,0,0,0,0,0,0,0,8,3,0,133,0,0,0,0,0,0,0,0,0,0,0,0,0,0,0,0,0,0,0,0,0,12,0,0,0,0,0,0,0,0,0,0,0,0,0,0,0,0,0,0,5,0,0,0,0,0,0,0,0,0,0,0,0,0,0,0,0,0,0,0,0,0,0,0,0,0,0,0,0,0,0,0,0,0,0,8,17,0,0,0,0,0,0,0,0,0,0,0,0,0,0,0,0,0,0,0,0,0,0,0,0,0,0,0,0,0,0,0,0,0,0,0,0,0,0,0,0,0,0,0,0,0,0,16,0,0,0,0,0,0,0,0,0,0,0,0,0,0,5,0,0,0,0,0,0,0,0,0,0,0,0,0,0,0,0,0,0,0,0,0,0,0,0,0,0,0,0,0,0,0,0,0,0,0,0,0,0,0,0,0,0,0,0,4,0,5,0,0,0,0,0,0,0,0,0,0,0,0,0,0,0,0,0,0,0,0,0,0,0,0,0,0
cF02.01,cF3,559326,32045,15663,2691,0,0,22,0,0,0,2177,17,1000,0,0,546,15,15,42,6,14822,23,1945,721,0,54,0,0,93,1034,0,0,0,0,0,79,698,0,55,4,0,0,0,0,0,0,0,0,583,377,0,0,0,5835,0,0,0,0,28,0,84,720,45,0,59,18,0,0,13,0,0,337,0,644,0,328,0,0,0,149,550,0,0,0,0,0,322,6,10,0,51,274,62,36,0,340,0,44,0,15,0,0,0,174,423,0,3890,275,0,515,65,8,0,0,0,0,72,0,0,12,0,0,0,0,0,3,0,0,0,226,234,5,0,0,0,0,0,0,0,1704,0,0,0,63,65,0,0,21,142,0,82,0,0,0,0,0,0,420,0,0,0,0,0,0,0,0,0,36,115,49,103,0,0,0,0,9,0,0,0,7,0,0,0,0,0,0,0,0,0,0,57,187,23,0,0,0,49,0,1,4,55,33,322,0,9,3,0,0,0,9,0,28,15,0,0,0,0,0,0,0,0,0,0,0,0,0,5,0,20,0,0,0,61,0,68,56,0,0,25,66,280,0,0,0,0,20,0,0,0,25,0,0,0,0,0,0,0,0,10,0,0,0,0,0,0,0,0,0,0,0,0,3,0,0,0,0,0,0,0,22,0,0,0,0,0,0,0,0,0,0,0,0,0,0,0,0,0,0,0,0,4,0,10,0,0,137,0,0,5,0,0,53,0,0,0,0,0,0,0,0,0,0,0,0,0,0,10,0,0,0,0,0,0,0,0,0,0,0,0,5,0,0,0,0,0,0,0,0,0,0,0,0,0,0,0,0,0,0,0,0,0,0,0,0,0,0,0,0,0,0,0,0,0,0,0,0,0,0,0,0,0,6,0,0,0,0,0,0,0,0,0,0,0,0,0,0,0,0,0,0,0,0,0,0,0,0,0,0,0,0,0,0,0,0,0,0,0,0,0,0,0,0,0,0,0,0,0,0,0,0,0,0,0,0,0,0,0,0,0,0,0,0,0,0,0,0,0,0,0,0,0,2,0,0,0,0,0,0,0,0,0,0,0,0,0,0,0,0,0,0,0,0,0,0,0,0,0,0,7,0,0,0,0,0,0,0,0,0,0,0,0,0,0,0,0,0,0,0,0,0,0,0,0,3,0,0,0,0,0,0,0,0,0,0,0,0,0,0
cF03.01,cF29,0,144232,0,4147,0,0,0,232910,4863,0,3808,0,45,0,0,641,0,767,947,5,7142,0,0,3417,23,3,0,5,723,4289,0,6,0,0,96,23,527,0,1466,23,0,0,587,0,168,0,0,10,1352,2343,0,0,235,0,0,0,0,230,1861,7,180,1058,111,0,0,2638,0,0,1062,0,8327,17795,0,2239,0,86,5,0,6793,763,488,0,0,0,0,0,32,0,11,105,0,5985,222,134,0,1927,0,11961,0,59,180,0,289,16,0,0,0,890,0,1738,28,0,3835,0,0,0,109,0,0,9984,2684,0,0,0,0,0,0,0,0,472,466,38,4960,0,4006,303,0,0,0,0,0,0,621,0,645,0,0,95,78,3143,0,51,626,0,1912,0,684,791,2342,567,0,0,0,0,363,0,0,0,3237,1543,0,223,3002,0,349,55,269,223,104,570,20,0,0,4,0,2828,2710,7,206,0,363,875,184,405,0,0,790,0,192,3,30,255,568,0,0,69,0,0,153,1009,132,0,114,7,731,0,0,0,4,95,0,6,1032,213,0,0,0,0,761,0,136,488,308,492,106,474,495,3,14,192,0,0,0,0,0,539,178,0,0,165,0,0,0,349,0,89,0,0,0,0,0,0,0,0,3,0,282,48,0,0,0,516,55,0,0,87,227,269,244,124,193,149,0,59,165,0,0,0,0,11,37,170,0,31,0,288,0,0,0,0,130,0,5,0,75,30,0,148,0,0,0,0,0,28,0,105,0,0,108,0,113,20,15,0,0,0,0,29,46,0,0,78,86,0,0,0,0,0,0,122,0,0,0,0,73,0,61,0,67,24,0,0,0,0,0,75,22,57,22,0,22,0,0,0,0,0,0,0,36,0,0,0,0,45,0,0,0,0,0,38,15,0,0,37,33,29,0,0,0,0,0,7,32,3,0,0,0,27,0,0,0,0,0,30,0,0,0,25,0,0,0,0,0,0,4,0,0,0,0,0,0,0,0,0,17,17,0,0,0,0,0,0,0,0,0,0,0,14,14,0,0,0,0,13,12,0,0,0,0,12,0,0,0,0,0,0,0,0,0,10,0,0,0,0,0,0,0,0,0,0,0,0,0,8,8,0,7,0,0,0,0,0,0,6,0,0,0,0,5,0,0,4,4,4,0,0,0,0,0,0,0,3,3,0,0,0,0,0,2,0,0,0,0,0,0,0,0,0
cF05.01,cF8,664907,2,145,2745,0,0,5,0,0,0,2205,0,0,7,0,753,0,0,23,6,407,0,277,111,0,20,0,0,15,43,0,13,0,0,0,0,44,0,18,0,0,0,10,0,0,0,0,7,10,55,0,0,7,61,0,0,0,0,78,10,0,28,0,0,0,0,0,0,6,0,0,0,0,9,0,21,21923,0,0,28,23,0,0,0,0,0,106,0,0,0,57,0,0,3,0,19,0,0,0,0,0,0,0,0,2,0,0,87,0,0,7,0,0,0,0,0,2,0,0,0,9,0,0,0,0,0,4,0,0,0,0,0,0,0,0,0,0,0,0,21,3524,0,0,0,33,0,0,0,0,0,0,0,0,0,0,0,0,704,0,0,0,0,0,0,0,0,3,0,0,0,10,0,0,0,0,0,7,0,0,0,0,0,0,0,17,0,0,0,0,0,0,0,0,0,0,0,0,0,0,0,0,0,0,0,0,0,0,0,0,0,0,54,0,0,0,0,0,0,0,0,0,0,0,0,0,5,0,0,0,0,0,0,0,0,3,0,0,0,29,3,16,0,0,0,0,0,0,0,0,0,0,0,0,0,0,0,0,0,0,0,0,0,0,0,0,0,0,0,3,0,0,0,0,0,0,0,0,0,0,0,0,0,0,0,0,0,0,0,0,0,0,0,0,0,0,0,0,0,0,0,0,0,0,0,0,39,0,0,0,0,0,0,0,0,0,0,0,0,0,0,0,0,0,0,0,0,0,0,0,0,0,0,0,0,0,0,0,0,0,0,0,0,0,0,0,0,0,0,0,0,0,0,0,0,0,0,0,0,0,0,0,0,0,0,0,0,0,0,0,0,0,0,0,0,0,0,0,0,0,0,0,6,0,0,0,0,0,0,0,0,0,0,0,0,0,0,0,0,0,0,0,0,0,0,0,0,0,0,0,0,0,0,0,0,0,0,0,0,0,0,0,0,0,0,0,0,0,0,0,0,0,0,0,0,0,0,0,0,0,0,0,0,0,0,0,0,0,0,0,0,0,0,0,0,0,0,0,0,0,0,0,0,0,0,0,0,0,0,0,0,0,0,0,0,0,0,0,0,0,0,0,0,0,0,6,0,0,0,0,0,0,0,0,0,0,0,0,0,0,0,0,0,0,0,0,0,0,0,0,0,0,0,0,0,0,0,0,0
cF06.01,cF41,651677,8,0,2090,0,0,0,0,0,2,2065,3,0,0,0,413,0,0,861,0,865,0,581,0,0,0,0,0,0,9,0,177,0,0,0,0,0,0,0,0,0,0,0,0,0,0,0,0,0,2,0,0,0,0,0,0,0,0,25,0,0,0,0,0,0,0,0,0,0,7340,0,0,0,0,0,0,0,0,0,58,0,0,0,0,0,0,154,0,0,0,89,0,0,0,0,7,0,0,0,0,0,0,0,0,0,0,0,111,0,0,0,0,7,0,0,0,0,0,0,0,0,0,0,0,0,0,0,16,0,32,6,0,0,0,0,0,0,0,16,29,0,0,0,0,0,0,0,0,0,0,0,0,0,0,0,0,0,298,0,0,0,0,0,0,0,38,0,0,0,0,0,0,0,0,0,0,0,0,0,0,0,0,0,3,0,0,0,0,0,0,67,0,0,0,0,0,0,0,0,0,0,0,0,0,0,0,109,0,0,0,0,430,44,0,0,0,0,0,0,0,0,0,0,0,0,0,0,0,0,0,0,0,0,0,0,0,0,0,0,0,0,0,0,0,0,0,0,0,0,0,0,0,0,0,0,0,0,0,0,2,0,0,0,0,0,0,0,0,0,0,0,0,0,0,0,0,0,0,0,0,0,0,0,0,0,0,0,0,0,38,0,0,0,0,0,0,0,0,0,0,0,0,0,0,0,21,0,0,0,0,0,0,0,0,0,0,0,0,0,0,0,0,0,0,0,0,0,0,0,0,0,0,0,0,4,0,0,0,0,0,0,0,0,0,0,0,0,0,0,0,0,0,0,0,61,0,0,0,0,5,0,0,0,0,0,0,0,0,0,0,0,0,0,0,0,3,0,0,0,0,0,0,0,0,0,0,0,0,0,0,0,0,0,0,0,0,0,0,0,0,0,0,0,0,0,0,0,0,0,0,0,0,0,0,0,0,0,0,0,0,0,0,0,0,0,0,0,0,0,0,0,0,0,0,0,0,0,0,0,0,0,0,0,0,0,0,0,0,0,0,0,0,0,0,0,0,0,0,0,0,0,0,0,0,0,0,0,0,0,0,0,0,0,0,0,0,0,0,0,0,0,0,0,0,0,0,0,0,0,0,0,0,0,0,0,0,0,0,0,0,0,0,0,0,0,0,0,0,0,0,2,0,0,0,0,0,0,0
cF07.01,cF12,34771,6,24,5776,0,8,4,0,0,13,6508,0,0,27,312242,1356,0,0,274,25,3975,0,0,28,0,0,20,0,4564,150,0,837,0,0,272,357,0,0,0,0,0,0,20,0,48,0,0,0,41,214,0,0,0,0,0,0,0,0,667,0,0,2990,0,0,0,0,0,0,0,0,17,884,0,0,0,16,0,0,0,0,0,0,0,0,0,0,99,0,0,0,0,0,0,0,0,115,0,0,0,118,0,0,0,0,0,0,0,51,0,0,48,0,0,0,0,0,0,0,0,0,0,0,0,0,0,0,0,0,0,104,0,0,0,0,0,0,0,0,0,0,0,0,0,0,0,0,0,0,0,354,0,0,0,0,0,0,0,918,13,0,0,0,0,0,0,0,0,0,0,0,276,0,0,0,0,0,0,0,0,0,0,0,0,0,0,0,0,0,0,0,168,0,67,0,0,0,0,0,0,0,0,0,789,0,19,0,367,0,0,0,0,0,102,0,0,0,0,0,0,0,0,0,0,0,0,0,0,0,0,0,0,0,0,0,458,0,0,0,34,0,0,0,0,0,0,0,0,0,0,0,0,29,0,0,0,0,0,0,0,0,0,0,0,0,0,0,0,0,0,0,0,0,135,0,0,0,0,0,0,0,0,0,0,0,0,55,0,0,0,0,0,0,0,0,0,0,0,0,0,0,0,66,90,0,0,111,0,0,0,0,0,0,0,0,0,0,0,0,0,0,0,0,0,0,0,0,0,0,0,0,0,0,0,0,0,0,0,0,0,0,0,0,0,0,0,0,0,0,0,0,0,0,0,0,0,0,0,0,0,0,0,0,0,0,0,0,0,0,0,0,0,0,0,0,0,0,0,0,0,0,0,0,0,0,0,0,0,0,0,0,0,0,0,0,0,0,0,0,0,0,0,0,0,0,0,0,0,0,0,0,0,0,0,0,0,0,0,0,0,0,0,0,0,0,0,0,0,0,0,0,0,0,0,0,0,0,0,0,0,0,0,0,0,0,0,0,0,0,0,0,0,0,0,0,0,0,0,0,0,0,0,0,0,0,0,0,0,0,0,0,0,0,0,0,0,0,0,0,0,0,0,0,0,0,0,0,0,0,0,0,0,0,0,0,0,0,0,0,0,0,0,0,0,0,0,0,0,0,0,0,0,0,0,0,0,0,0,0
cF08.01,cF35,0,280951,45577,609,0,0,32524,0,0,0,486,0,3295,0,0,12,0,25013,16,0,52301,0,101869,18981,9,57492,0,0,23,751,0,193,0,0,0,112,3843,0,8,0,0,0,64,0,0,0,0,0,0,10156,0,7273,0,1145,4514,0,0,4,4,0,0,3204,9,0,0,0,0,0,0,0,1202,73,166,0,0,95,3,0,145,0,13,0,0,0,0,0,28,0,0,0,0,0,336,421,0,17,0,0,4,67,0,12026,6,0,0,0,1170,3,2,0,0,0,87,0,0,0,0,0,0,0,13,33,0,5004,0,0,0,0,0,0,0,0,0,0,0,0,4543,0,0,0,0,0,4027,18,2359,0,0,1515,0,0,0,0,0,0,0,0,5360,248,0,2704,0,39,0,337,0,0,0,0,0,0,0,15,0,0,0,0,3,7,0,0,1658,94,1693,0,0,0,0,0,0,0,0,0,0,0,0,1074,0,0,0,0,37,0,4,0,17,0,0,0,0,0,0,0,0,0,0,28,0,194,0,534,67,0,0,0,147,0,0,0,0,0,0,0,0,0,0,0,0,0,81,0,0,0,459,0,0,0,0,119,0,0,0,0,9,0,0,0,0,0,0,0,0,0,0,0,0,0,0,5,0,259,0,0,0,0,0,47,0,0,0,0,0,0,0,0,0,0,0,173,0,0,0,0,376,0,314,0,0,0,0,0,0,0,0,0,0,0,0,0,0,0,0,0,0,0,0,0,0,0,0,0,0,7,0,0,0,0,0,0,0,0,0,0,0,0,107,0,0,0,0,0,66,0,0,0,0,93,0,0,0,0,0,0,0,63,0,0,0,0,0,0,0,6,0,0,0,0,0,0,0,2,0,14,46,0,0,0,0,0,40,0,0,10,0,0,0,0,0,0,0,0,0,0,0,17,0,0,13,0,0,0,0,0,0,0,0,0,0,0,0,25,0,0,0,0,0,0,22,0,0,0,0,0,0,0,0,0,0,0,0,0,0,0,0,0,0,0,0,0,0,0,0,0,0,0,0,0,0,0,0,0,0,0,0,0,0,0,0,0,0,0,0,0,0,0,0,0,0,0,0,0,0,0,0,0,0,0,0,0,0,0,0,0,0,0,0,0,0,0,0,0,0,0,0,0,0,0,0,0,0,0,4,0,0,0,0,0,0,0,0,0,0,0,0,0,0,0,0,0
cF09.01,cF24,0,19,17,2393,0,0,0,0,642766,0,1956,0,5,0,0,496,0,0,162,91,19598,0,11,2790,4,7,7,0,0,1066,0,2,7,0,47,0,721,0,0,0,0,0,226,0,0,0,0,811,6,366,0,0,0,644,0,0,0,0,157,0,0,0,0,0,0,0,0,0,0,0,28644,8,0,39,0,0,7,0,0,0,0,0,0,0,0,0,227,0,0,0,0,0,1867,0,7,3033,0,40,0,12,0,0,0,0,5,3,0,16,0,464,0,5,0,0,0,0,0,8221,0,126,0,0,0,0,0,0,0,0,0,819,1857,11,10,0,45,0,0,0,9,1045,0,0,0,0,0,0,0,0,62,0,0,0,0,0,0,0,0,288,0,0,0,0,2128,0,0,0,0,0,10,29,5,0,25,0,0,0,0,0,4,31,0,0,0,11,0,0,0,0,0,0,445,0,0,0,0,0,9,0,0,0,0,0,40,0,0,0,0,0,5,0,0,506,0,0,9,0,0,0,0,0,0,0,0,0,0,0,0,0,4,0,0,0,9,0,4,0,0,0,27,13,0,0,0,0,0,25,0,0,0,50,0,0,0,0,0,0,0,0,0,0,0,0,0,0,0,0,0,0,7,5,0,0,0,0,0,0,0,0,0,5,5,0,0,0,0,0,0,0,0,0,0,0,0,0,13,0,0,11,0,0,0,0,0,0,0,229,0,0,0,0,0,0,0,0,0,0,0,0,0,0,0,0,0,0,0,0,0,0,0,0,0,0,0,0,0,0,0,0,0,0,0,0,0,0,0,0,0,0,0,0,0,0,0,0,0,0,0,0,0,0,0,0,0,0,0,0,0,0,0,0,0,0,0,0,0,0,0,0,0,0,0,9,0,0,0,0,37,0,0,0,0,0,0,0,0,0,0,3,0,0,0,0,0,0,0,0,0,0,0,0,0,0,0,0,0,0,0,0,0,0,0,0,0,0,0,0,3,0,0,0,0,0,0,0,0,0,0,0,0,0,0,0,0,0,0,0,0,0,0,0,0,0,0,0,0,0,0,7,0,0,0,0,0,0,0,0,0,0,0,0,0,0,0,4,0,0,0,0,0,0,0,0,0,0,0,0,0,0,0,0,0,0,0,0,0,0,0,0,0,0,0,0,0,0,0,0,0,0,0,0,0,0,0,0,0,0,0,0
cF10.01,cF6,531989,41,396,2298,0,5,55,61100,34942,1260,2225,158,14,0,0,702,13,234,73,13,536,13,64,151,0,60,0,32,29,139,13,13,0,8,0,9,26,0,2,0,0,71,0,0,0,0,0,213,15,71,0,0,26,141,0,0,4,0,745,0,14,28,0,0,0,0,0,0,0,23641,0,20,0,35,0,16,0,0,0,74,16,0,0,0,0,49,51,0,5,0,0,0,46,0,0,49,0,0,0,11,0,0,0,0,4,0,0,3,0,5,0,11,0,0,0,0,0,0,0,0,0,0,0,0,0,0,0,0,0,91,107,0,13,0,0,0,0,0,5,0,0,0,52,21,59,0,0,0,0,0,0,0,0,0,0,0,0,329,16,0,0,0,0,2,0,0,0,0,4,0,0,0,0,0,9,0,21,0,0,0,0,0,0,0,0,0,0,0,0,0,46,0,0,0,0,0,0,0,0,0,4,3,6,0,0,0,159,0,0,0,0,45,16,0,0,0,0,0,0,0,21,0,0,0,0,5,0,0,0,0,0,0,0,0,0,4,0,0,17,0,53,0,0,0,0,0,0,0,0,2,0,0,0,0,0,0,0,0,0,0,0,0,0,0,0,0,0,0,0,0,0,0,0,0,0,0,0,0,0,0,0,0,0,0,0,0,0,0,0,10,0,0,0,0,0,0,0,0,0,0,0,0,0,0,0,63,0,0,0,0,0,0,0,0,0,0,0,0,0,0,0,0,0,0,0,0,0,0,0,0,0,0,0,0,0,0,0,0,0,0,0,0,0,0,0,0,0,0,0,0,0,0,0,0,0,0,0,0,0,0,0,0,0,0,0,0,0,0,0,0,0,0,0,0,0,0,0,0,0,0,0,0,0,0,0,0,0,0,0,0,0,0,0,0,0,0,0,0,0,0,0,0,0,0,0,0,0,0,0,0,0,0,0,0,0,0,0,0,0,0,0,0,0,0,0,0,0,0,0,0,0,0,0,0,0,3,0,0,0,0,0,0,8,0,0,0,0,0,0,0,0,0,0,0,0,0,0,0,0,0,0,0,0,0,0,0,0,0,0,0,0,0,0,0,0,0,0,0,0,0,0,0,0,0,0,0,0,0,0,0,0,0,0,0,0,0,0,0,0,0,0,0,0,0,0,0,0,0,0,0,0,0,0,0,0,0,0,0
cF11.01,cF38,4,137422,209029,236,0,0,85040,0,0,454,207,5348,0,36471,0,61,6,166,22,0,225,3995,224,129,0,2,74446,8,9,769,7,0,0,22414,0,0,1075,0,0,0,0,24,0,0,0,0,0,29,10,3243,0,0,0,174,0,0,0,0,14,20,0,0,8,303,0,0,0,0,0,0,0,0,0,0,0,0,0,0,0,19,0,0,0,0,0,6,71,0,0,3,2,0,0,0,0,49,28,0,0,0,5,0,0,4,0,0,24,2,0,10,0,0,0,0,0,0,0,0,20,0,0,0,0,0,0,0,2,0,0,0,20,0,0,0,0,0,0,0,0,0,0,0,0,0,0,0,0,0,0,0,0,0,0,0,0,0,0,46,0,35,0,0,0,0,0,0,0,0,0,0,0,0,0,0,0,0,0,0,11,0,0,0,0,0,0,0,0,0,0,0,77,0,0,0,0,0,0,0,0,0,2,0,0,0,0,0,0,0,0,0,0,53,6,0,0,0,0,0,0,0,0,0,0,0,0,0,0,0,0,0,0,0,0,0,0,0,0,0,2,0,22,0,0,0,0,0,0,0,0,0,0,0,0,0,0,0,0,0,0,0,0,0,0,0,0,0,0,0,0,0,0,0,0,0,0,0,0,0,0,0,0,0,0,0,0,0,0,0,0,0,0,0,0,0,0,0,0,0,0,0,0,0,0,0,0,17,0,0,0,0,0,0,0,0,0,0,0,0,0,0,0,0,0,0,0,0,0,0,0,0,0,0,0,0,0,0,0,0,0,0,0,0,0,0,0,0,0,0,0,0,0,0,0,0,0,0,0,0,0,0,0,0,0,0,0,0,0,0,0,0,0,0,0,0,0,0,0,0,0,0,0,0,0,0,0,0,0,0,0,0,0,0,0,0,0,0,0,0,0,0,0,0,0,0,0,0,0,0,0,0,0,0,0,0,0,0,0,0,0,0,0,0,0,0,0,0,0,0,0,0,0,0,0,0,0,0,0,0,0,0,0,0,0,0,0,0,0,0,0,0,0,0,0,0,0,0,0,0,0,0,0,0,0,0,0,0,0,0,0,0,0,0,0,0,0,0,0,0,0,0,0,0,0,0,0,0,0,0,0,0,0,0,0,0,0,0,0,0,0,0,0,0,0,0,0,0,0,0,0,0,0,0,0,0,0,0,0,0
cF12.01,cF19,13,37470,126867,8703,9,0,38792,0,0,0,11456,0,0,33559,0,7,0,24965,661,0,12458,12,44216,16439,19,23524,0,837,1127,7778,12616,27589,1530,0,0,1642,4238,0,31124,77,0,0,4123,0,0,0,0,191,5683,4196,0,0,62,33090,0,23477,569,235,5,744,7243,3384,5808,29862,0,183,0,0,2918,0,0,3414,1868,341,0,1761,1,0,0,0,5167,0,0,1110,3109,0,75,0,1080,5086,349,0,143,588,0,512,4,0,326,0,1370,0,320,3690,405,13278,525,91,7,50,2153,8408,0,6699,42,0,5140,0,0,68,2814,4053,0,0,256,5532,1138,0,0,329,123,0,0,0,0,3,0,5534,0,0,0,0,0,2213,0,0,0,0,1195,2,0,744,0,0,0,2799,0,4252,13,13,0,0,0,2257,0,0,0,1046,0,0,0,115,0,0,784,136,22,95,87,76,0,0,0,0,0,0,0,0,0,0,0,0,0,0,0,0,0,69,0,6,192,259,0,0,0,559,0,0,0,0,19,0,5,0,0,5,0,133,727,0,57,0,0,402,25,0,0,88,0,0,139,0,26,69,0,0,0,4,0,0,0,0,0,0,0,0,0,9,0,0,0,243,15,0,0,0,0,0,0,0,0,0,0,0,2,12,0,0,0,0,0,0,0,0,0,0,0,0,0,0,0,0,226,0,0,0,0,0,76,0,0,0,0,4,0,0,164,0,0,24,0,0,0,0,0,7,0,0,0,2,0,0,0,4,0,0,0,0,0,114,0,76,0,0,0,0,0,0,0,0,0,0,0,0,0,82,19,0,0,0,0,0,0,0,0,0,0,0,0,0,0,67,0,0,0,0,0,0,0,0,0,24,0,0,0,68,0,0,0,0,0,0,0,0,0,0,2,0,0,0,0,0,0,0,0,0,0,0,0,0,0,0,0,0,0,0,0,0,0,0,0,0,0,0,0,0,0,0,0,0,0,0,0,0,0,0,0,0,0,0,0,0,0,0,0,0,0,0,0,0,0,0,0,0,0,0,0,0,0,0,0,0,0,0,0,0,0,0,0,0,0,0,0,0,0,5,0,0,0,0,0,0,0,0,0,0,0,0,0,0,0,0,0,0,0,0,0,7,0,0,0,0,0,0,0,0,0,0,0,0,0,0,0,0,0,0,4,0,0,0,3,0,0,0,0,0,0,0,0,0,0,0,0,0,0,0,0,0
cF13.01,cF31,94610,156378,102991,2207,0,0,0,0,0,2,1358,0,46619,0,65,186,0,0,175,25,16893,0,24305,2206,5,7159,0,0,582,2380,0,0,0,0,0,7,9313,0,0,0,0,0,677,0,0,0,0,0,2773,3421,0,0,0,8350,0,0,0,0,8914,0,0,1549,7,452,0,24,0,0,2193,0,0,231,4,137,0,0,0,0,0,27,40,20049,0,0,0,0,58,0,0,541,0,9,328,2527,18558,3604,0,0,0,19,5946,0,0,1568,15,0,0,274,0,5893,120,26,0,0,303,0,9,44,886,0,0,6,182,0,16,0,0,0,0,1348,250,0,0,0,6234,160,0,0,0,0,0,0,68,0,0,0,0,50,0,9,2297,0,0,0,0,0,0,679,0,0,0,0,0,0,0,0,0,0,4,0,0,0,0,0,10,0,0,0,0,0,22,0,0,156,0,0,83,0,0,0,0,0,0,5,0,0,10,0,0,0,328,0,0,0,0,0,0,938,0,0,0,0,369,0,0,0,74,0,0,44,0,0,0,0,21,0,0,0,0,0,0,0,0,0,0,0,0,5,328,20,79,0,0,0,524,0,0,0,0,7,0,0,0,14,0,0,0,0,0,0,0,0,0,0,0,0,0,0,0,0,0,0,0,0,0,0,0,0,0,0,0,11,0,0,0,0,0,0,0,6,0,0,0,0,0,5,0,0,0,0,0,0,0,91,11,35,0,0,0,0,0,0,0,0,0,0,0,0,0,0,0,39,0,0,0,0,52,0,0,0,0,0,0,0,0,0,0,4,0,0,0,0,0,0,0,0,0,0,0,0,0,0,0,0,0,0,0,0,0,0,0,0,0,0,0,0,0,0,0,0,0,0,0,0,0,0,0,0,0,0,0,0,0,0,0,0,0,0,0,0,0,0,0,0,0,0,0,0,0,0,5,0,0,0,0,0,0,0,0,0,0,0,0,0,0,0,0,0,0,0,0,0,0,0,0,0,0,7,0,0,0,0,0,0,0,0,0,0,0,0,0,0,0,0,0,0,0,0,0,0,0,0,0,0,0,0,0,0,0,0,0,0,0,0,0,0,0,0,0,0,0,0,0,0,0,0,0,0,0,0,0,0,0,0,0,0,0,0,0,0,0,0,0,0,4,0,0,0,0,0,0,0,0,0,0,0,0,0,0,0,0,0,0,0,0,0,0,0
cF14.01,cF14,0,62594,77425,41,0,0,22550,0,0,224211,101,78494,0,4058,0,5,8359,1538,0,3,0,7410,773,421,0,0,0,4875,1705,39444,4205,0,0,2352,0,0,8467,0,12,5,0,47230,0,0,0,0,0,0,3529,1832,0,0,0,72,0,0,2618,0,0,0,402,14,0,1114,0,0,570,0,0,0,0,0,0,45,0,6,0,0,0,0,0,0,20,0,0,15988,0,0,677,1817,0,0,26,0,0,5,0,0,0,0,585,0,0,0,0,0,25,3,0,0,0,0,0,0,0,0,7,0,0,0,0,0,0,0,0,0,0,0,0,0,0,0,0,19,0,0,0,0,345,0,0,375,10,0,0,0,0,0,0,0,0,0,0,147,0,0,0,89,0,0,0,0,0,0,0,0,0,0,0,0,0,0,0,0,0,0,0,0,1,0,0,0,0,0,0,0,0,0,0,0,0,0,0,0,0,0,0,0,0,0,3,0,0,0,0,0,0,0,0,0,0,0,0,0,0,0,0,0,0,0,0,0,0,0,0,0,0,0,0,0,0,0,0,0,0,0,0,3,0,0,0,0,0,0,0,0,0,0,0,0,0,0,0,0,0,0,0,0,0,0,0,0,0,0,0,0,0,0,0,0,0,0,0,0,0,0,0,0,0,0,0,0,0,0,0,0,0,0,0,0,0,0,0,0,3,0,0,0,0,0,0,0,0,0,0,0,0,0,0,0,0,0,0,0,0,0,0,0,0,0,0,0,0,0,0,0,0,0,0,0,0,0,0,0,0,0,0,0,0,0,0,0,2,0,0,0,0,0,0,0,0,0,0,0,0,0,0,0,0,0,0,0,0,0,0,0,0,0,0,0,0,0,0,0,0,0,0,0,0,0,0,0,0,0,0,0,0,0,0,0,0,0,0,0,0,0,0,0,0,0,0,0,0,0,0,0,0,0,0,0,0,0,0,0,0,0,0,0,0,0,0,0,0,0,0,0,0,0,0,0,0,0,0,0,0,0,0,0,0,0,0,0,0,0,0,0,0,0,0,0,0,0,0,0,0,0,0,0,0,0,0,0,0,0,0,0,0,0,0,0,0,0,0,0,0,0,0,0,0,0,0,0,0,0,0,0,0,0,0,0,0,0,0,0,0,0,0,0,0,0,0,0,0,0,0,0,0,0,0,0,0,0,0,0,0,0,0,0
cF15.01,cF27,0,243303,109694,596,0,0,33656,0,0,97711,465,76625,0,3819,0,163,6448,660,75,0,1574,5774,869,1088,0,18,23894,3539,215,3230,3982,4,0,3567,0,0,984,0,0,0,21131,17549,0,0,0,0,0,0,0,1065,0,0,0,5,0,311,25,0,62,0,0,0,0,1269,0,0,2147,0,0,0,0,0,0,34,0,0,3,0,0,43,0,0,0,0,0,207,260,0,0,42,7,0,97,0,46,580,0,0,0,0,0,0,0,0,0,15,507,0,0,0,0,16,0,0,0,0,0,0,0,0,0,0,0,0,0,0,0,0,0,70,3,0,0,0,0,0,0,0,12,0,492,103,0,0,0,0,0,0,15,0,0,0,0,157,7,0,0,99,7,6,0,0,0,0,7,39,0,0,9,0,0,0,0,0,7,0,0,0,3,0,0,0,0,0,0,0,0,0,0,0,12,5,0,0,0,0,0,0,0,0,0,0,17,0,0,0,200,0,0,0,0,98,111,0,0,0,0,0,0,0,0,0,6,0,0,18,0,0,9,0,0,0,0,0,2,0,0,0,13,2,0,0,0,0,0,0,0,0,0,3,0,0,0,0,4,0,0,0,0,0,0,0,0,0,0,0,0,0,0,0,0,0,0,0,0,0,0,0,0,0,0,0,0,0,0,0,0,0,0,0,0,0,0,0,0,0,0,0,0,0,0,0,0,0,0,14,0,0,0,0,0,0,0,0,0,7,0,0,0,0,0,0,0,0,0,0,0,0,0,0,12,0,0,0,0,0,0,0,0,0,0,0,0,0,0,0,0,0,0,0,0,0,0,0,0,0,0,0,0,0,0,0,0,0,0,0,0,0,0,0,0,0,0,0,0,0,0,0,0,0,0,0,0,0,0,0,0,0,0,0,0,0,0,0,0,0,0,0,0,0,0,0,0,0,0,0,0,0,0,0,0,0,0,0,0,0,0,0,0,0,0,0,0,0,0,0,0,0,0,0,0,0,0,0,0,0,0,0,0,0,0,0,0,0,0,0,0,0,0,0,0,0,0,0,0,0,0,4,0,0,0,0,0,0,0,0,0,0,0,0,0,0,0,0,0,0,0,0,0,0,0,0,0,0,0,0,0,0,0,0,0,0,0,0,0,0,0,0,0,0,0,0,0,0,0,0,0,0,0,0,0,0,0,0,0,2,0,0
cF16.01,cF4,0,70729,170206,383,0,0,37269,0,0,0,269,89861,0,3244,0,68,141157,3934,0,0,69,13415,100822,2338,0,54,0,25308,3568,9716,0,0,0,0,0,0,1704,0,8,0,0,0,1251,0,0,0,2,0,36,2900,0,0,0,40,0,0,1825,0,24,102,176,0,0,3903,0,0,0,0,0,0,0,0,0,0,0,0,0,0,0,19,0,0,0,0,0,0,19,0,0,0,6,0,494,0,0,4,0,0,0,0,0,0,0,0,0,300,67,0,0,0,6,0,0,0,0,0,0,0,0,0,0,0,0,0,0,0,20,0,0,0,0,0,0,0,0,0,0,0,0,0,0,0,0,0,0,0,0,0,0,0,0,0,0,0,0,5,0,26,0,0,0,0,0,0,0,11,0,0,0,0,0,0,0,0,0,0,0,0,0,0,0,0,0,0,0,0,0,0,0,0,0,0,0,0,0,0,0,0,0,0,0,0,0,0,0,0,0,0,0,0,0,0,0,0,0,0,0,0,0,0,0,0,0,0,0,0,0,0,0,0,0,0,0,0,0,0,0,0,0,0,6,0,0,0,0,0,0,0,0,0,0,0,0,0,0,0,0,0,0,0,0,0,0,0,0,0,0,0,0,0,0,0,0,0,0,0,0,0,0,0,0,0,0,0,0,0,0,0,0,0,0,0,0,0,0,0,0,0,0,0,0,0,0,0,0,2,0,0,0,0,0,0,0,0,0,0,0,0,0,0,0,0,0,0,0,0,0,0,0,0,0,0,0,0,0,0,0,0,0,0,0,0,0,0,0,0,0,0,0,0,0,0,0,0,0,0,0,0,0,0,0,0,0,0,0,0,0,0,0,0,0,0,0,0,0,0,0,0,0,0,0,0,0,0,0,0,0,0,0,0,0,0,0,0,0,0,0,0,0,0,0,0,0,0,0,0,0,0,0,0,0,0,0,0,0,0,0,0,0,0,0,0,0,0,0,0,0,0,0,0,0,0,0,0,0,0,0,0,0,0,0,0,0,0,0,0,0,0,0,0,0,0,0,0,0,0,0,0,0,0,0,0,0,0,0,0,0,0,0,0,0,0,0,0,0,0,0,0,0,0,0,0,0,0,0,0,0,0,0,0,0,0,0,0,0,0,0,0,0,0,0,0,0,0,0,0,0,0,0,0,0,0,0,0,0,0,0,0
cF17.01,cF22,0,8599,204363,923,0,2,81703,0,0,0,588,82356,0,25030,0,69,96973,5599,365,0,4639,32424,51849,4770,0,679,0,0,8992,36354,0,0,361,0,0,1634,10472,0,2491,108,0,0,988,0,0,0,0,240,5213,3418,0,0,89,5207,0,0,0,5,4,248,510,62,925,6252,0,298,0,0,484,0,0,2024,13,2406,0,92,4,22,1749,104,61,0,0,16,880,0,3150,0,83,1395,0,4817,623,284,0,689,0,29,1509,0,0,0,57,43,27,0,267,1014,0,329,178,19,6050,0,0,0,104,0,0,0,88,26,0,0,43,20,0,0,0,114,237,0,0,586,19,0,0,44,894,36,0,694,1509,0,0,0,77,3,203,0,0,10,0,0,0,0,0,42,62,0,0,0,0,0,0,0,0,28,0,0,0,16,0,0,6,0,10,34,12,0,0,0,0,0,0,0,0,0,0,0,25,0,0,0,0,0,0,0,0,0,26,55,0,0,18,0,0,0,0,0,0,0,19,0,0,0,1783,0,0,0,0,0,0,0,0,0,0,0,0,0,0,0,25,0,0,0,0,2,0,0,0,0,0,214,10,0,0,0,0,0,29,0,0,0,0,0,0,0,0,0,0,0,0,0,0,93,0,0,0,0,0,0,0,0,0,0,0,0,0,0,0,0,0,0,0,0,0,0,0,0,0,0,0,0,0,0,0,0,0,0,0,0,0,0,0,0,0,0,0,0,0,0,0,0,0,0,0,0,0,0,0,0,0,0,0,0,0,0,0,0,0,0,0,0,0,0,3,0,0,0,0,0,10,0,0,0,0,0,0,0,0,0,0,0,0,0,0,0,0,0,0,0,0,0,0,0,0,0,0,0,0,0,0,0,3,0,0,0,0,0,0,0,0,0,0,0,0,0,0,0,0,0,0,0,32,0,0,0,0,0,0,0,0,0,0,0,0,0,0,0,0,0,0,0,0,0,0,0,0,0,0,0,0,0,0,0,0,0,0,0,0,0,0,0,0,0,0,0,0,0,0,0,0,0,0,0,0,0,0,0,0,0,0,0,0,0,0,0,0,0,0,0,0,0,0,0,0,0,0,0,0,0,0,0,0,0,0,0,0,0,0,0,0,0,0,0,0,0,0,0,0,0,0,0,0,0,0,0,0,0,0,0,0,0,0,0,0,0,0,0,0,0,0,0,0,0,0,0
cF18.01,cF40,0,51380,101991,132,6,0,23618,0,0,107043,789,75356,0,184,0,66,42693,47,0,3,136,24941,0,1197,0,189,65615,14884,19657,782,11216,0,17,23727,0,0,2498,0,12,0,84574,19996,0,0,0,0,0,15,6,1193,0,0,0,17,0,0,336,0,0,0,25,54,47,996,0,5,4234,0,14,0,0,0,0,0,0,0,2,0,83,0,105,0,0,0,0,0,8,0,0,15,0,0,20,0,0,35,0,14,28,0,541,0,0,0,0,0,26,4,0,0,5,0,0,0,0,0,26,0,0,20,0,0,0,0,9,0,0,0,0,0,0,0,0,0,68,0,8,0,548,0,0,324,68,39,0,0,0,0,0,0,0,62,0,1474,0,0,0,15,0,0,0,0,30,0,0,0,0,0,0,0,0,0,0,0,0,0,0,0,0,0,0,0,0,0,0,0,0,0,0,0,0,0,0,0,0,0,0,0,0,0,0,3,0,0,0,0,0,0,0,0,0,0,0,0,0,0,0,0,0,10,0,25,0,0,0,0,0,0,0,0,0,0,0,0,0,0,0,0,5,0,0,0,0,0,6,0,0,0,0,0,0,0,0,0,0,0,0,0,0,0,0,0,0,0,0,9,0,0,0,0,0,0,0,0,0,0,0,0,0,0,0,0,0,0,0,0,0,5,0,0,0,0,0,0,0,0,0,0,0,0,0,0,0,0,0,6,0,0,0,0,0,0,0,0,0,0,0,0,0,0,0,0,0,0,0,0,0,0,0,0,0,0,0,0,18,0,0,0,0,0,0,0,0,0,0,0,0,0,0,0,0,0,0,0,0,0,0,0,0,0,0,0,0,0,0,0,0,0,0,0,0,0,0,0,0,0,0,0,0,0,0,0,0,0,0,0,0,0,0,0,0,0,0,0,0,0,0,0,0,0,0,0,0,0,0,0,0,0,0,4,0,0,0,0,0,0,0,0,0,0,0,7,0,0,0,0,0,0,0,0,0,0,0,0,0,0,0,0,0,0,0,0,0,0,0,0,0,0,0,0,0,2,0,0,0,0,0,0,0,0,0,0,0,0,0,0,0,0,0,0,0,0,0,0,0,0,0,0,0,0,0,0,0,0,0,0,0,0,0,0,0,0,0,0,0,0,0,0,0,0,0,0,0,0,0,0,0,0,0,0,0,0,0,0,0,0,0,0
cF19.01,cF9,10,48,57,4184,0,99,0,0,0,0,3703,0,0,0,0,1562,0,0,187843,12,0,0,21,0,219445,0,0,0,0,0,0,175,0,0,0,198,0,0,0,0,0,0,0,0,18,0,0,61,0,0,0,0,0,0,0,0,0,0,71,0,0,0,0,0,0,0,2,0,0,0,0,1045,6027,0,0,0,100,0,0,165,0,0,0,0,277,0,26,0,0,0,0,0,0,0,0,0,0,0,0,0,0,0,162,0,0,0,0,23,0,0,0,167,1231,758,6688,0,0,0,0,0,449,1597,0,0,17,232,0,0,0,0,0,35,0,0,0,0,0,391,0,0,0,0,0,0,0,0,0,27,0,34,0,0,0,0,0,0,0,717,0,0,0,2543,0,30,0,0,0,0,0,0,0,0,0,0,0,0,0,17,0,0,0,1705,0,17,0,0,0,0,27,0,0,0,0,0,0,0,0,0,0,1075,0,0,0,0,33,0,0,0,0,0,0,0,8,0,0,0,57,0,0,0,0,0,0,0,0,0,12,0,0,0,0,0,0,0,0,0,0,2,53,0,0,22,0,0,0,0,0,7,0,0,159,0,9,0,0,0,0,0,0,13,0,0,0,0,0,0,0,0,34,0,0,0,0,0,0,0,0,0,0,0,0,0,0,0,0,0,0,0,0,0,0,0,0,0,0,0,0,0,0,0,0,0,0,0,0,79,164,0,24,0,0,0,0,4,0,0,0,0,0,0,0,0,7,0,0,0,0,0,0,12,0,0,0,0,0,0,71,75,0,0,0,0,0,74,0,0,0,0,0,0,0,0,87,0,0,0,0,0,0,0,0,0,0,0,0,0,0,0,0,0,0,0,0,0,0,0,0,0,0,0,0,0,0,0,0,0,0,0,0,0,0,0,0,0,0,0,0,0,0,0,0,0,0,0,26,0,0,0,0,0,0,0,0,0,0,0,0,0,0,0,0,0,0,0,0,0,0,0,16,0,0,0,0,0,0,0,0,0,0,0,0,0,0,0,0,0,0,0,0,0,0,0,0,0,0,0,0,0,0,0,0,0,0,0,0,0,0,0,0,0,0,0,0,0,0,0,0,0,0,0,0,0,0,0,0,0,0,0,0,0,0,0,0,0,0,0,0,0,0,0,0,0,0,0,0,0,0,0,0,0,0,0,0,0,0,0,0,0
cF20.01,cF33,16,43051,58932,138,4,0,53825,0,0,0,30515,34929,0,1489,0,184,92056,10157,0,0,20,10322,22789,18973,0,0,16304,0,96671,0,64226,0,0,15113,0,0,4053,0,0,0,0,0,9497,0,0,0,0,0,361,12786,0,0,0,0,0,4,45160,0,3,0,0,0,0,20109,0,0,0,0,0,0,12788,8,0,0,0,0,0,0,0,0,0,0,0,0,0,0,20,0,0,0,8,0,1032,0,0,0,0,0,0,0,0,0,0,0,0,0,16,0,0,0,0,0,0,0,0,0,0,0,113,0,0,0,0,0,0,0,0,0,0,0,0,0,0,0,0,0,0,0,665,3,0,1725,0,0,0,0,2,0,0,0,0,0,0,0,10,0,0,6,0,0,0,0,0,0,0,0,0,0,12,0,0,0,13,0,0,0,0,0,0,0,0,9,0,0,0,0,0,0,0,0,0,7,0,0,0,0,6,0,0,0,0,0,10,0,0,0,0,0,10,0,0,0,0,0,0,0,0,0,0,0,0,0,0,0,0,0,0,0,0,0,0,0,0,0,0,7,0,0,0,0,0,0,0,0,0,0,0,0,0,0,0,0,0,0,0,0,0,0,0,0,0,0,0,0,0,0,0,0,0,0,0,0,0,0,0,0,0,0,0,0,2,0,0,3,0,0,0,0,0,0,0,0,0,0,0,0,0,0,0,0,0,0,0,0,0,0,0,0,0,0,0,0,0,0,0,0,0,3,0,0,0,0,0,0,0,0,0,0,0,0,0,0,0,0,0,0,0,0,0,0,0,0,0,0,0,0,0,0,4,0,0,0,0,0,0,0,0,0,0,0,0,0,0,0,0,0,0,0,0,0,0,0,0,0,0,0,0,0,0,0,0,0,0,0,0,0,0,0,0,0,0,0,0,0,0,0,0,0,0,0,0,0,0,0,0,0,0,0,0,0,0,0,0,0,0,0,0,0,0,0,0,0,0,0,0,0,0,0,0,0,0,0,0,0,0,0,0,0,0,0,0,0,0,0,0,0,0,0,0,0,0,0,0,0,0,0,0,0,0,0,0,0,0,0,0,0,0,0,0,0,0,0,0,0,0,0,0,0,0,0,0,0,0,0,0,0,0,0,0,0,0,0,0,0,0,0,0,0,0,0,0,0,0,0,0,0,0,0,0,0,0,2,0,0,0,0,0,0
cF21.01,cF16,3,31280,159571,157,0,0,41542,0,0,0,33,41568,0,6881,0,51,99077,8519,0,0,24,25512,28636,1062,4,0,0,0,11,71059,7243,0,9,5386,0,0,8122,0,0,0,0,0,1328,0,0,0,0,7,28,1051,0,0,0,0,0,0,0,0,0,0,9,0,0,3656,0,0,0,0,0,0,0,0,0,0,0,0,0,0,0,24,0,0,0,0,0,0,36,0,0,46,15,0,0,0,0,7,0,0,0,0,0,0,0,0,0,35,419,0,0,0,0,0,0,0,0,0,0,0,0,0,0,0,0,0,0,0,0,0,0,0,0,0,0,0,0,0,0,0,0,2,0,250,0,0,4,0,0,0,0,0,0,0,0,0,0,4,0,19,0,0,0,0,0,0,0,0,0,0,0,0,0,0,0,0,0,0,0,0,0,0,0,0,0,0,0,0,0,0,0,0,0,0,0,0,0,0,0,0,0,0,0,0,0,0,0,0,11,0,0,0,0,0,0,0,0,0,0,0,0,0,0,0,0,0,0,0,0,0,0,0,0,0,0,0,0,0,0,0,0,0,0,0,0,0,0,0,0,169,0,0,0,0,0,0,0,0,351,0,0,0,0,0,0,0,0,0,0,0,0,0,0,0,0,0,0,0,0,0,0,0,0,0,0,0,0,0,0,0,0,7,0,0,0,0,0,0,0,0,0,0,0,0,0,0,0,2,0,0,0,0,0,0,0,0,0,0,0,0,0,0,0,0,0,0,0,0,0,0,0,0,0,0,0,0,0,0,0,0,0,0,0,0,0,0,0,0,0,0,0,0,0,0,0,0,0,0,0,0,0,0,0,0,0,0,0,0,5,0,0,0,0,0,0,0,0,0,0,0,0,0,0,0,0,0,0,0,0,0,0,0,0,0,0,0,0,0,0,0,0,0,0,0,0,0,0,0,0,0,0,0,0,0,0,0,3,0,0,0,0,0,0,0,0,0,0,0,0,0,0,0,0,0,0,0,0,0,0,0,0,0,0,0,0,0,0,0,0,0,0,0,0,0,0,0,0,0,0,0,0,0,0,0,0,0,0,0,0,0,0,0,0,0,0,0,0,0,0,0,0,0,0,0,0,0,0,0,0,0,0,0,0,0,0,0,0,0,0,0,0,0,0,0,0,0,0,0,0,0,0,0,0,0,0,0,0,0,0,0
cF22.01,cF2,0,586996,593,4267,0,0,98,0,0,1473,3186,167,0,8,0,884,0,34,26,0,180,11,21,50,0,0,0,17,8,80,12,0,0,9,2,228,17,0,9,0,0,115,0,0,0,0,0,0,22,0,0,0,0,0,0,0,5,0,5,0,0,0,0,0,0,3,0,0,8,0,0,181,0,0,0,0,0,0,1671,11,7,0,0,2,0,102,213,0,3,6,0,19,0,3,0,30,0,0,0,0,0,0,36,0,0,0,0,20,0,0,0,0,490,0,0,0,0,0,0,29,0,107,18,0,15,0,0,0,0,5,28,0,0,0,0,3,0,0,0,4,0,0,20,0,71,0,7,0,0,37,0,39,0,0,0,0,0,481,16,67,0,0,0,0,0,20,0,0,0,0,0,11,0,0,0,0,0,0,2,0,0,0,0,0,13,0,0,0,40,0,7,0,0,0,0,0,0,0,0,0,0,0,0,0,799,0,39,0,0,0,0,0,8,0,0,0,0,0,0,0,15,0,0,0,164,0,0,5,0,0,0,0,0,0,0,0,0,0,44,0,10,0,0,0,0,0,0,0,0,0,0,0,0,0,0,0,0,0,0,0,0,0,0,0,0,0,0,0,0,0,0,0,0,0,0,0,0,0,0,0,0,0,0,0,0,0,0,0,0,0,0,0,0,0,0,0,0,0,0,0,0,73,0,0,0,224,0,0,0,0,0,0,0,0,0,0,0,0,0,0,0,0,0,0,0,0,19,0,0,0,0,0,0,0,0,0,0,0,0,0,0,0,11,0,0,0,0,0,0,0,0,0,0,0,0,0,0,0,0,0,0,48,0,0,0,0,0,0,0,0,0,0,0,0,0,0,0,0,0,0,0,0,0,0,0,0,0,0,0,0,0,0,0,0,0,0,0,0,0,0,0,0,0,0,0,0,0,0,0,0,0,0,0,0,0,0,0,0,0,0,0,0,0,0,0,0,0,0,0,0,0,0,0,0,0,0,0,0,0,0,0,0,0,0,0,0,0,0,0,0,0,0,0,0,0,0,0,0,0,0,0,0,0,0,0,0,0,0,0,0,0,0,0,0,0,0,0,0,0,0,0,0,0,0,0,0,0,0,0,0,0,0,0,0,0,0,0,0,0,0,0,0,0,0,0,0,0,0,0,0,0,0,0,0,0,0,0,0
cF23.01,cF26,464238,6,84032,932,0,0,62351,0,0,2,798,0,0,1606,7,336,0,0,41,0,11,0,0,6,0,0,0,0,0,10,0,0,0,0,0,0,4,0,17,0,0,0,0,0,0,0,0,5,0,123,0,0,0,4,0,12,0,0,0,0,0,0,0,0,0,0,0,0,0,0,0,0,0,0,0,0,2549,0,0,30,7,0,0,0,0,0,163,0,0,0,0,0,124,0,0,0,0,0,0,0,0,0,0,0,0,0,0,9,0,0,0,0,0,0,0,0,0,0,0,0,0,0,0,0,0,0,0,0,0,0,0,0,0,2,0,0,0,0,0,2,2425,0,0,0,0,0,0,0,0,0,0,0,0,0,0,0,0,133,0,0,0,0,0,0,0,12,0,0,3,8,0,0,0,0,0,0,0,0,0,0,0,0,0,0,0,0,0,0,0,0,0,10,0,0,0,0,4,0,0,0,0,0,0,0,0,0,0,0,0,0,0,0,0,0,0,0,0,0,0,0,0,0,0,0,0,0,0,0,3,0,0,0,0,0,0,0,0,0,17,0,0,0,0,0,4,6,0,0,0,0,0,0,0,0,0,0,0,0,0,0,0,0,0,0,0,0,0,0,0,0,0,0,0,0,0,0,0,0,0,0,0,0,0,0,0,0,0,0,0,0,0,0,0,0,0,0,0,0,0,0,0,0,0,0,0,68,0,0,0,0,0,0,0,0,0,0,0,0,0,0,0,0,0,0,0,0,0,0,0,0,0,0,0,0,0,0,0,0,0,0,0,0,0,0,0,0,0,0,0,0,0,0,0,0,0,0,0,0,0,0,0,0,0,0,0,0,0,0,0,0,0,0,0,0,0,0,0,0,0,0,0,0,0,0,0,0,0,0,0,0,0,0,0,0,0,0,0,0,0,0,0,0,0,0,0,0,0,0,0,0,0,0,0,0,0,0,0,0,0,0,0,0,0,0,0,0,0,0,0,0,0,0,0,0,0,0,0,0,0,0,0,0,0,0,0,0,0,0,0,0,0,0,0,0,0,0,0,0,0,0,0,0,0,0,0,0,0,0,0,0,0,0,0,0,0,0,0,0,0,0,0,0,0,0,0,0,0,0,0,0,0,0,0,0,0,0,0,0,0,0,0,0,0,0,0,0,0,0,0,0,0,0,0,0,0,0,0,0
cF24.01,cF11,607732,0,1751,2352,0,0,0,3542,1710,0,2249,0,537,0,0,668,0,0,0,0,21,0,9,0,10,0,0,0,0,2,0,0,0,0,0,0,0,0,0,0,0,0,0,0,0,0,0,0,0,0,0,0,0,0,0,0,0,0,143,0,0,0,0,0,0,0,0,0,0,917,0,6,0,6,0,0,1690,0,0,23,0,0,0,0,0,0,25,0,0,0,0,0,0,0,0,15,0,0,0,0,0,0,0,0,0,0,0,2,0,0,0,0,0,0,0,0,0,0,323,11,0,0,0,0,0,0,0,0,0,0,0,0,0,0,0,0,0,0,0,9,0,0,0,0,0,0,0,0,0,0,0,0,0,0,0,0,0,456,0,0,0,0,0,0,0,0,356,0,0,0,8,0,0,0,0,0,0,0,0,0,0,0,0,6,0,0,0,0,0,0,0,0,0,0,0,0,0,0,9,0,0,0,0,0,0,0,48,0,0,0,0,0,0,0,0,0,0,0,0,0,0,0,0,0,0,0,0,0,0,0,0,0,7,0,0,0,0,0,3,0,0,0,0,0,0,0,0,0,0,0,0,0,0,5,0,0,0,0,0,0,0,0,0,0,0,0,0,0,0,0,0,0,0,0,0,0,0,0,0,0,0,0,0,0,0,0,0,0,0,0,0,0,0,0,0,0,0,0,0,0,0,0,0,0,0,91,0,0,0,0,0,0,0,4,0,0,0,0,0,0,0,0,0,0,0,0,0,0,0,0,0,0,0,0,0,0,0,0,0,0,0,0,0,0,0,0,0,0,0,0,0,0,0,0,0,0,0,0,0,0,0,0,0,0,0,0,0,0,0,0,0,0,0,0,0,0,0,0,0,0,0,2,0,0,0,0,0,0,0,0,0,0,0,0,0,0,0,0,0,0,0,0,0,0,0,0,0,0,0,0,0,0,0,0,0,0,0,0,0,0,0,0,0,0,0,0,0,0,0,0,0,0,0,0,0,0,0,0,0,0,0,0,0,0,0,0,0,0,0,0,0,0,0,0,0,0,0,0,0,0,0,0,0,0,0,0,0,0,0,0,0,0,0,0,0,0,0,0,0,0,0,0,0,0,0,0,0,0,0,0,0,0,0,0,0,0,0,0,0,0,0,0,0,0,0,0,0,0,0,0,0,0,0,0,0,0,0,0
cF25.01,cF20,0,186803,4,1313,0,0,0,0,0,0,954,2,220367,0,2,381,0,0,23,0,10,0,0,3,66,0,0,0,0,0,0,0,0,0,0,0,0,0,0,0,0,0,0,0,0,0,0,0,0,0,0,0,0,0,0,0,0,0,9,0,0,0,0,0,0,0,0,0,0,0,0,4,0,0,0,0,0,0,0,0,0,0,0,0,0,0,4,0,0,0,2,0,29,0,0,26,0,0,0,0,0,0,0,0,0,0,0,6,0,0,0,0,0,0,0,0,0,0,0,0,0,0,0,29,0,0,0,0,0,0,0,3,0,0,0,0,0,0,0,7,0,0,0,0,0,0,0,0,0,0,0,0,0,0,0,0,0,108,0,0,0,0,0,125,0,0,0,0,0,0,0,0,0,0,0,0,0,0,0,0,0,0,0,4,0,0,0,0,0,0,0,0,0,0,0,20,0,0,9,17,0,0,0,0,0,0,12,0,0,0,0,0,7,0,0,0,0,0,12,0,0,0,0,0,0,0,0,0,0,0,0,0,0,0,0,0,0,0,24,0,0,0,0,0,0,0,0,31,0,0,0,0,63,0,7,0,46,0,78,3,0,0,0,0,0,0,0,0,0,0,0,0,0,0,0,0,0,0,0,0,0,0,0,0,0,0,0,0,0,0,0,0,0,0,0,0,0,0,0,0,0,0,0,0,0,17,0,0,0,0,0,0,13,0,0,0,0,0,0,0,0,0,18,0,0,0,0,0,0,10,0,0,0,0,0,0,0,0,0,0,0,3,0,0,0,0,0,0,0,0,0,0,0,0,0,0,0,0,0,0,0,0,0,0,0,0,0,0,0,14,0,0,0,0,0,0,0,0,0,0,0,0,0,0,0,0,0,0,0,0,0,0,0,12,0,0,0,0,17,0,0,0,0,0,0,0,0,0,5,0,0,0,0,0,0,0,0,0,0,0,0,0,0,0,0,0,0,0,0,0,0,0,0,0,0,0,0,0,0,0,0,0,0,0,0,0,0,0,0,0,0,0,0,0,0,0,0,0,0,0,0,0,0,0,0,0,0,0,0,0,0,0,0,0,0,0,0,0,0,0,0,0,0,0,0,0,0,0,0,0,0,0,0,0,0,0,0,0,0,0,0,0,0,0,0,0,0,0,0,0,0,0,0,0,2,0,0,0
cF26.01,cF5,600358,1313,25,3373,0,0,0,9986,6124,0,3450,0,34,0,5,1157,0,0,0,11,35,0,0,0,0,0,4,0,0,0,0,0,0,0,0,0,3,0,0,0,5,0,0,0,0,0,0,0,0,0,0,0,0,0,0,0,0,0,22,0,0,0,0,0,0,0,0,0,0,14397,0,0,0,0,0,0,0,0,0,0,0,0,0,5,0,0,6,0,0,0,8,0,0,0,0,6,0,0,0,0,0,0,0,0,4,0,70,28,0,0,0,9,0,0,0,0,0,0,2,5,0,0,0,0,0,0,0,0,0,0,5,0,0,0,0,0,0,0,0,12,0,0,0,0,0,0,0,0,0,0,0,0,0,0,0,0,0,481,0,0,0,0,0,0,0,0,0,0,5,0,0,0,0,0,0,0,0,0,4,0,0,0,0,3,0,0,0,0,0,0,0,0,0,0,0,0,0,0,0,0,0,0,0,0,0,0,81,0,0,0,0,10,0,0,0,0,0,0,0,0,0,0,0,0,0,0,0,0,0,0,0,0,0,0,0,0,0,0,47,0,0,0,0,0,0,0,0,0,0,0,0,0,0,0,0,0,0,0,0,6,0,0,0,0,0,0,0,0,0,0,0,0,0,0,0,0,0,0,0,0,0,0,0,0,0,11,0,0,0,0,0,0,0,0,0,0,0,0,0,0,0,0,0,0,0,87,0,0,0,0,0,0,0,0,0,0,0,0,0,0,0,0,0,0,0,0,0,0,0,0,0,0,0,0,0,0,0,0,0,0,0,0,0,0,0,0,0,0,0,0,0,0,0,0,0,0,0,0,0,0,0,0,0,0,0,0,0,0,0,0,0,0,0,0,0,0,0,0,0,0,0,7,0,0,0,0,0,0,0,0,0,0,0,0,0,0,0,0,0,0,0,0,0,0,0,0,0,0,0,0,0,0,0,0,0,0,0,0,0,0,0,0,0,0,0,0,0,0,0,0,0,0,0,0,0,0,0,0,0,0,0,0,0,0,0,0,0,0,0,0,0,0,0,0,0,0,0,0,0,0,0,0,0,0,0,0,0,0,0,0,9,9,0,0,0,0,0,0,0,0,0,0,0,0,0,0,0,0,0,0,0,0,0,0,0,0,0,0,0,0,0,0,0,0,0,0,0,0,0,0,0,0,0,0,0,0,0,0
cF27.01,cF30,0,23497,105923,251,0,0,43584,0,0,0,5793,46295,0,611,0,5,26988,571,0,120,116,19569,564,225,12,2725,76579,23763,403,9846,10476,0,663,20694,0,0,9462,0,1881,4,0,3,3199,0,0,0,0,3,4530,1334,0,478,0,3184,0,0,109,0,4,3,3706,82,238,751,0,0,11924,0,349,0,0,0,0,3539,0,8,0,0,0,0,0,0,0,9,0,0,93,0,33,7881,8,0,421,273,0,131,0,0,0,8,3950,0,0,358,3,0,6,1062,0,23,102,0,0,0,0,0,85,0,0,0,0,0,18,2,0,0,24,0,0,0,13,3742,0,2046,1063,0,61,0,232,0,0,0,3172,0,0,0,8,220,15,0,0,0,0,179,0,0,251,1683,0,0,0,0,0,0,0,0,0,268,0,0,0,0,0,903,46,44,0,0,0,29,30,0,0,0,0,0,0,0,0,0,0,0,0,5,0,0,0,0,7,0,1002,37,8,0,0,0,0,0,0,0,0,14,0,0,0,0,0,309,0,30,0,678,0,0,0,0,0,0,0,0,0,0,0,0,0,0,0,0,289,2,0,0,0,0,0,0,78,1244,146,0,0,80,0,0,0,0,0,0,0,0,0,0,0,0,0,0,0,13,0,269,0,0,116,275,0,174,0,0,0,0,0,0,0,8,0,0,0,18,0,0,0,0,0,0,0,0,15,0,143,6,0,0,0,48,0,6,0,0,0,0,0,0,0,0,0,25,0,0,10,0,0,47,0,0,0,0,0,0,0,0,0,0,0,84,40,0,0,0,0,0,11,3,0,0,0,6,0,0,0,0,70,0,0,0,0,0,0,0,0,0,0,0,0,0,0,0,0,0,0,0,0,26,0,0,3,0,0,0,0,0,5,0,0,0,0,0,0,0,0,0,0,31,0,0,0,0,8,0,0,0,28,0,0,0,0,0,0,0,0,0,24,16,0,3,0,0,0,0,0,4,0,0,0,0,0,0,0,0,0,0,0,0,0,0,0,0,0,0,0,0,0,0,0,0,0,0,0,0,0,0,0,0,0,0,0,0,0,0,0,0,0,0,0,0,0,0,0,0,0,0,0,0,0,0,0,0,0,0,0,0,0,0,0,0,0,0,0,0,0,5,0,0,0,0,0,0,0,0,0,0,0,0,0,0,0,0,0,0,0,0,0,0,0,0,0,0,0,0
cF28.01,cF15,0,6447,174947,212,0,0,72421,0,724,0,304,0,13,128370,0,66,0,8640,14,0,777,0,56801,3352,0,349,0,0,2,98339,0,3,415,0,0,54,34455,0,74,0,0,0,1234,0,0,0,0,27,74,14047,0,1534,0,360,1776,0,0,0,0,0,0,179,0,0,0,0,0,0,12,72,0,0,0,17,0,71,0,0,0,0,97,0,0,0,0,0,32,0,0,18,0,0,823,14,0,176,2247,0,0,5,0,0,0,0,5,0,1833,0,0,0,0,0,0,0,0,0,0,0,0,0,0,0,0,0,0,0,0,0,0,0,3,12,0,0,7,0,0,0,0,0,0,0,0,0,0,0,0,0,49,0,14,0,0,0,0,0,0,28,0,0,0,0,0,0,0,15,0,0,16,0,0,0,0,0,4,0,0,0,0,0,0,0,0,0,0,0,0,0,0,0,0,0,0,0,0,0,0,0,0,0,0,0,28,0,0,7,0,0,0,0,0,0,6,0,0,0,0,0,0,0,0,0,2,0,0,0,0,0,0,0,0,6,0,0,3,0,0,0,7,8,0,0,0,0,0,0,0,0,0,0,0,0,0,0,0,0,0,0,0,0,0,0,0,0,0,0,0,0,0,0,0,0,0,0,0,0,0,0,0,0,0,0,0,0,0,0,0,0,0,0,0,0,0,2,0,0,0,0,0,0,0,0,0,0,0,9,0,0,0,0,0,0,0,0,0,0,0,0,0,0,0,2,0,0,0,0,0,0,0,0,0,0,0,0,0,0,0,0,0,0,0,0,0,0,0,0,0,0,0,0,0,0,0,0,0,0,0,0,0,0,0,0,0,0,0,0,0,0,0,0,0,0,0,0,0,0,0,0,0,0,0,0,0,0,0,0,0,0,0,0,0,0,0,0,0,0,0,0,0,0,0,0,0,0,0,0,0,0,0,0,0,0,0,0,0,0,0,0,0,0,0,0,0,0,0,0,0,0,0,0,0,0,0,0,0,0,0,0,0,0,0,0,0,0,0,0,0,0,0,0,0,0,0,0,0,0,0,0,0,0,0,0,0,0,0,0,0,0,0,0,0,0,0,0,0,0,0,0,0,0,0,0,0,0,0,0,0,0,0,0,0,0,0,0,0,0,0,0,0,0,0,0,2,0,0,0,0,0,0,2,0,0,0,0,0,0,0,0
cF29.01,cF39,45327,157534,108634,417,0,0,35388,0,0,0,463,66438,0,5837,0,142,1586,1054,0,0,194,14593,35167,53,0,8,0,27918,0,181,5677,0,0,21648,4,189,1696,0,0,5,0,0,0,0,0,0,0,14,0,553,0,0,0,26,0,0,0,0,23,0,0,29,4,0,0,6,937,0,0,408,0,213,0,0,0,8,0,0,81,66,10,0,0,0,0,0,412,0,0,0,118,0,24,0,0,165,0,0,9,0,0,0,0,0,0,0,96,2,0,0,2,0,104,0,0,0,2,0,0,0,0,0,14,0,0,5,0,0,0,0,0,0,0,0,0,0,0,0,0,19,0,0,0,0,0,0,0,0,0,0,0,0,4,0,0,0,0,49,0,0,0,0,0,0,0,26,0,0,0,0,0,0,0,0,0,0,0,0,0,512,0,22,0,0,0,0,0,0,0,0,5,0,0,0,0,0,0,0,0,0,0,0,0,0,51,0,29,0,0,0,0,40,0,0,0,0,0,0,0,0,0,0,0,0,83,0,0,0,0,0,0,0,0,0,0,0,0,6,6,0,0,0,0,0,0,0,0,0,0,0,0,0,0,0,0,0,0,0,0,0,0,0,0,0,0,0,0,0,0,0,0,0,0,0,0,0,0,0,0,0,0,0,0,0,0,0,0,0,0,0,0,0,0,0,0,0,0,0,0,0,0,0,0,0,0,13,0,0,0,0,0,0,0,0,0,0,0,0,0,0,0,0,0,0,0,0,0,0,0,0,0,0,0,0,0,0,0,0,0,0,0,0,0,0,0,0,0,0,0,0,0,0,0,0,0,0,0,0,0,0,0,0,0,0,0,0,0,0,0,0,0,0,0,0,0,0,0,0,0,0,0,0,0,0,0,0,0,0,0,0,0,0,0,0,0,0,0,0,0,0,0,0,0,0,0,0,0,0,0,0,0,0,0,0,0,0,0,0,0,0,0,0,0,0,0,0,0,0,0,0,0,0,0,0,0,0,0,0,0,0,0,0,0,0,0,0,0,0,0,0,0,0,0,0,0,0,0,0,0,0,0,0,0,0,0,0,0,0,0,0,0,0,0,0,0,0,0,0,0,0,0,0,0,0,0,0,0,0,0,0,0,0,0,0,0,0,0,0,0,0,0,0,0,0,0,0,0,0,0,0,0,0,0,0,0,0,0,0
cF30.01,cF7,0,69060,178474,41,0,0,28769,0,0,0,3327,37703,133,0,0,14,21140,8887,0,5,79,26032,7278,2840,32,82,0,46519,36,105455,12313,0,0,0,0,0,6913,0,23,0,0,0,22505,0,0,0,0,12,3052,1024,0,0,0,515,0,0,0,0,27,15,54,23,10,3260,0,45,0,0,0,0,0,0,0,0,0,0,0,0,0,18,0,0,0,0,0,0,16,0,0,38,0,5,783,214,0,47,0,0,2,5,688,0,0,26,0,0,572,2,0,0,97,0,0,0,0,0,0,0,0,0,0,0,0,0,0,0,282,0,6,0,92,24,0,40,0,0,0,0,0,0,0,0,0,0,0,0,7,0,0,0,0,0,0,0,6,0,0,6,0,0,0,0,0,9,0,0,0,0,9,0,0,0,0,0,0,0,0,0,0,0,0,0,0,0,0,0,0,0,0,0,0,0,0,2,0,0,0,0,17,0,0,0,6,0,0,0,0,0,0,0,0,14,0,0,4,0,0,0,0,0,0,0,0,0,0,0,2,0,2,0,0,0,0,0,0,0,0,0,2,14,0,0,0,0,0,2,0,0,0,0,0,0,0,0,0,0,0,0,0,0,0,0,0,0,0,0,0,0,0,0,0,0,0,0,0,0,0,0,0,0,0,0,0,0,0,0,0,0,0,0,0,0,0,0,0,0,0,0,0,0,0,0,0,0,0,0,0,0,0,0,0,0,0,0,0,0,0,0,0,0,0,0,6,0,0,0,0,0,0,0,0,0,0,0,0,0,0,0,0,0,0,0,0,0,0,0,0,0,0,0,0,0,0,0,0,0,0,0,0,0,0,0,0,0,0,0,0,0,0,0,0,0,0,0,0,0,0,0,0,0,0,0,0,0,0,0,0,0,0,0,0,0,0,0,0,0,0,0,0,0,0,0,0,0,0,0,0,0,0,0,0,0,23,0,0,0,0,0,0,0,0,0,0,0,0,0,0,0,0,0,0,0,0,0,0,0,0,0,0,0,0,0,0,0,0,0,0,0,0,0,0,0,0,0,0,0,0,0,0,0,0,0,0,0,0,0,0,0,0,0,0,0,0,0,0,0,0,0,0,0,0,0,0,0,0,0,0,0,0,0,0,0,0,0,0,0,0,0,0,0,0,0,0,0,0,0,3,0,0,0,0,0,0,0,0,0,0,0
cF32.01,cF25,150174,110494,229455,1538,0,0,3,5088,1163,0,1523,0,21,0,0,484,0,0,24,0,5,0,15,18,0,0,0,0,0,0,0,2,0,0,0,49,3,0,4,0,0,0,0,0,0,0,0,0,0,0,0,0,0,0,0,0,0,0,37,0,0,0,0,0,0,0,0,0,0,854,0,49,0,0,0,0,137,0,98,126,0,0,0,0,0,0,289,0,0,0,2,0,0,0,0,57,0,0,6,0,0,0,0,0,0,0,921,5,0,0,0,0,0,0,0,0,0,0,226,10,0,0,0,0,0,0,0,0,0,0,0,0,0,0,0,0,0,0,0,0,587,0,0,0,0,0,0,0,0,0,0,0,0,0,0,0,0,196,8,0,0,0,0,0,0,0,0,0,0,0,0,5,0,0,0,0,0,0,0,0,0,0,0,7,0,0,0,0,0,0,16,5,0,0,0,0,0,0,0,0,0,0,0,0,0,0,0,0,0,0,0,0,0,0,0,0,0,0,0,0,0,0,0,0,0,0,0,0,0,0,0,0,0,0,7,0,0,0,9,0,0,0,0,0,0,0,0,0,0,0,0,0,0,0,0,0,3,0,0,4,0,0,0,0,0,0,0,0,0,0,0,6,0,0,0,0,0,0,0,0,0,0,0,2,0,0,0,0,0,0,0,0,0,0,0,0,0,0,0,0,0,0,0,5,0,28,0,0,0,0,0,0,0,0,0,0,0,0,0,0,0,0,0,0,0,0,0,0,0,0,0,0,0,0,0,0,0,0,0,0,0,0,0,0,0,0,0,0,0,0,0,0,0,0,0,0,0,0,0,0,0,0,0,0,0,0,0,0,0,0,0,0,0,0,0,0,0,0,0,0,0,0,0,0,0,0,0,0,0,0,0,0,0,0,0,0,0,0,0,0,3,0,0,0,0,0,0,0,0,0,0,0,0,0,0,0,0,0,0,0,0,0,0,0,0,0,0,0,0,0,0,0,0,0,0,0,0,0,0,0,0,0,0,0,0,0,0,0,0,0,0,0,0,0,0,0,0,0,0,0,0,0,0,0,0,0,0,0,0,0,0,0,0,0,0,0,0,0,0,0,0,0,0,0,0,0,0,0,0,0,0,0,0,0,0,0,0,0,0,0,0,0,0,0,0,0,0,0,0,0,0,0,0,0,0,0,0,0
cF33.01,cF34,582591,1312,13989,1325,0,0,0,2272,2102,0,920,0,7,0,0,283,0,74,34,4,96,0,24,42,6,12,0,0,110,62,0,0,0,0,0,0,0,0,4,0,0,0,0,0,0,0,0,0,7,36,0,0,0,5,0,0,0,0,79,0,0,0,0,0,0,0,0,0,12,163,0,0,0,8,0,36,49,0,0,34,32,0,0,0,0,0,50,0,0,0,6,0,0,0,0,121,0,0,0,0,0,0,0,0,0,0,139,53,0,40,0,0,0,0,0,0,3,0,38,0,0,0,0,0,0,0,0,0,5,0,5,0,27,0,0,0,0,0,0,0,116,0,0,0,14,0,0,16,3,0,5,0,0,0,27,0,0,176,0,0,0,0,0,0,0,0,0,0,57,11,14,0,17,0,0,0,0,0,0,0,0,0,0,4,0,0,0,0,0,0,14,6,0,0,0,0,16,0,0,0,0,2,34,13,0,0,0,0,0,6,0,0,5,0,0,0,0,0,0,0,0,0,0,0,0,0,0,0,9,0,0,7,63,0,0,0,0,0,3,54,0,0,0,0,0,0,0,0,0,14,0,0,0,0,0,0,0,0,5,0,0,0,0,0,0,0,3,0,0,0,0,0,0,0,0,0,7,0,0,11,0,0,0,5,0,0,0,0,0,0,0,0,0,0,0,0,0,0,0,0,0,0,3,0,0,72,0,0,0,0,0,0,0,0,0,0,0,0,0,0,0,0,0,0,0,0,0,0,0,0,0,0,0,0,0,0,0,0,0,0,0,0,0,0,0,0,7,0,0,0,0,0,0,0,0,7,0,0,10,0,0,0,0,0,0,0,0,0,0,0,0,0,0,0,0,0,0,0,0,0,0,0,13,0,0,0,0,0,0,0,0,0,0,0,0,0,3,2,0,0,0,0,0,0,0,0,0,0,0,0,0,0,0,0,0,0,0,0,0,0,0,0,0,0,0,0,4,0,0,0,0,0,0,0,0,0,0,0,0,0,0,0,0,0,0,0,0,0,0,0,0,0,0,0,0,0,0,0,0,0,0,0,0,0,0,0,0,0,0,0,0,0,9,0,0,0,0,0,0,0,0,0,0,0,0,0,0,0,0,0,0,0,0,0,0,0,0,0,0,0,0,0,0,0,0,0,0,0,0,0,0,0,0,0,0,0,0,0
cF34.01,cF18,0,68051,88708,213,0,0,49958,0,0,224832,8203,81634,0,3856,0,43,10212,1049,0,0,122,27495,166,5552,0,5,0,12077,85673,30,7442,0,18,10434,0,0,6865,0,0,0,2357,11223,0,0,0,0,0,14,316,1406,0,0,0,0,0,0,831,0,0,0,692,0,5,1973,0,0,3066,0,0,0,0,0,0,573,0,0,0,0,0,35,16,0,0,0,0,0,31,0,0,0,0,0,3,2,0,284,3,0,3,12238,0,0,0,0,40,0,162,0,0,0,0,0,0,0,0,0,0,0,0,0,0,0,0,0,0,0,4,0,0,0,8,0,0,82,0,0,0,0,654,0,0,354,12,0,0,0,0,0,0,0,0,0,0,1129,0,0,0,22,0,40,0,0,0,0,0,3,0,0,0,0,0,0,0,0,0,0,0,0,0,0,0,0,0,0,0,0,0,0,0,0,0,0,0,0,0,0,0,0,0,0,0,0,0,0,6,0,0,0,0,0,0,4,0,0,0,0,0,0,0,0,0,0,0,0,0,0,0,0,0,0,0,0,0,0,0,0,0,0,3,0,0,0,0,0,0,0,0,0,0,0,0,0,0,0,0,0,0,0,0,0,0,0,0,0,0,0,0,0,0,0,0,0,0,0,0,0,0,0,0,0,0,0,0,0,0,0,0,0,0,0,0,0,0,0,0,0,0,0,0,0,0,0,0,0,0,5,0,0,0,0,0,0,0,0,0,0,0,0,0,0,0,0,0,0,0,0,0,0,0,0,0,0,0,0,0,0,0,0,0,0,0,0,0,0,0,0,0,0,0,0,0,0,0,0,0,0,0,0,0,0,0,0,0,0,0,0,7,0,0,0,0,0,0,0,0,0,0,0,0,0,0,0,0,0,0,0,0,0,0,0,0,0,0,0,0,31,0,0,0,0,0,0,0,0,0,0,0,0,0,0,0,0,0,0,0,0,0,0,0,0,0,0,0,0,0,0,0,0,0,0,0,0,0,0,0,0,0,0,0,0,0,0,0,0,0,0,0,0,0,0,0,0,0,0,0,0,0,0,0,0,0,0,0,0,0,0,0,0,0,0,0,0,0,0,0,0,0,0,0,0,0,0,0,0,0,0,0,0,0,0,0,0,0,0,0,0,0,0,0,0,0,0,0,0,0,0,0,0,0,0,0,0,0,0,0,0,0,0
cF35.01,cF10,10,1603,217779,131,0,0,76140,0,0,0,4164,73428,0,0,0,45,21247,0,0,0,0,27920,3164,29,0,0,0,1372,3642,68465,11672,0,0,95624,0,0,6953,0,0,0,0,18548,0,0,0,0,0,0,2162,3192,0,0,0,0,0,0,1555,0,0,0,2127,0,0,0,0,0,11309,0,0,0,0,0,0,0,0,0,3,0,0,11,0,0,0,0,0,2,10,0,0,1717,0,0,0,0,0,0,0,0,0,0,0,0,0,0,0,0,705,0,0,0,0,0,0,0,0,0,0,0,0,0,0,0,0,0,0,0,0,0,0,0,0,0,0,0,0,0,0,0,1052,0,0,289,0,0,0,0,0,0,0,0,0,0,0,0,0,0,0,23,0,0,0,0,0,0,0,0,0,0,0,0,0,0,0,0,0,0,0,0,0,0,0,0,0,0,0,0,0,0,0,0,0,0,0,0,0,0,0,0,0,0,0,0,0,0,0,0,0,0,0,0,0,3,0,0,0,0,0,0,0,0,0,0,0,0,0,0,0,0,0,0,0,0,0,0,0,0,0,0,0,0,0,0,0,0,0,0,0,0,0,0,0,0,0,0,0,0,0,0,0,0,0,0,0,0,0,0,0,0,0,0,0,0,0,0,0,0,0,0,0,0,0,0,0,0,0,0,0,0,0,0,0,0,0,0,0,0,0,0,0,0,0,0,0,0,0,11,0,0,0,0,0,0,0,0,0,0,0,0,0,0,0,0,0,0,0,0,0,0,0,0,0,0,0,0,0,0,0,0,0,0,0,0,0,0,0,0,0,0,0,0,0,0,0,0,0,0,0,0,0,0,0,0,0,0,0,0,0,0,0,0,0,0,0,0,0,0,0,0,0,0,0,0,0,0,0,0,0,0,0,0,0,0,0,0,0,0,0,0,0,0,0,0,0,0,0,0,0,0,0,0,0,0,0,0,0,0,0,0,0,0,0,0,0,0,0,0,0,0,0,0,0,0,0,0,0,0,0,0,0,0,0,0,0,0,0,0,0,0,0,0,0,0,0,0,0,0,0,0,0,0,0,0,0,0,0,0,0,0,0,0,0,0,0,0,0,0,0,0,0,0,0,0,0,0,0,0,0,0,0,0,0,0,0,0,0,0,0,0,0,0,0,0,0,0,0,0,0,0,0,0,0,0,0,0,0,0,0,0
cF40.01,cF28,0,261012,0,825,0,0,0,0,0,0,350,0,83975,18,0,83,0,0,22,0,2362,0,775,989,0,164,0,0,73,1656,0,38,0,0,0,0,1122,0,0,3,0,0,0,0,0,0,0,52,160,644,0,2,381,998,0,0,0,0,126,0,0,1024,67,0,0,433,0,0,18,5779,0,0,0,81,0,117,0,0,75,10,19,0,0,2,0,0,44,0,0,7,41,1100,115,159,0,296,0,10,15,0,140,0,3,17,0,356,0,4,0,269,0,0,0,0,0,0,12,0,0,0,0,0,0,0,0,0,0,0,0,0,22,0,0,0,58,0,0,0,0,0,0,0,25,0,176,0,17,0,0,0,106,0,0,0,2,0,0,43,0,0,0,0,49,0,0,0,0,0,0,0,0,0,0,0,0,0,0,0,0,0,0,0,28,6,0,0,0,0,0,0,8,0,0,0,0,0,0,0,0,0,23,2,0,0,0,0,208,43,0,0,0,0,13,0,0,0,0,0,0,0,0,0,0,0,0,0,0,0,0,0,0,0,0,0,0,0,0,0,0,0,0,0,0,0,0,0,2,0,0,0,0,3,0,0,0,0,0,0,0,0,0,0,0,0,0,0,0,0,4,0,0,0,0,0,0,0,0,0,0,0,0,0,0,0,0,0,0,0,0,0,0,0,0,0,0,0,0,0,0,0,0,0,0,44,0,16,0,0,0,0,0,0,0,0,0,0,0,0,0,0,0,0,0,0,0,0,0,0,0,0,0,0,0,0,0,0,0,0,0,0,0,0,0,0,0,0,0,0,0,0,0,0,0,0,0,0,0,0,0,0,0,0,0,0,0,0,0,0,0,0,0,0,0,0,0,0,0,0,0,0,0,0,0,0,0,0,0,0,0,0,0,0,0,0,3,0,0,0,0,0,0,0,0,0,0,0,0,0,0,0,0,0,0,0,0,0,0,0,0,0,0,0,0,0,0,0,0,0,0,0,0,0,0,0,0,0,0,0,0,0,0,0,0,0,0,0,0,0,0,0,0,0,0,0,0,0,0,0,0,0,0,0,0,0,0,0,0,0,0,0,0,0,0,0,0,0,0,0,0,0,0,0,0,0,0,0,0,0,0,0,0,0,0,0,0,0,0,0,0,0,0,0,0,0,0,0,0,0,0,0,0,0,0,0,0,0,0,0
cF41.01,cF21,0,0,481185,45,0,0,0,0,0,0,28,0,150394,0,4,11,0,60,927,0,8269,0,977,352,0,230,0,0,10,0,0,0,0,0,0,0,0,0,0,0,0,0,7,0,0,0,0,12182,0,95,0,0,0,11,0,0,0,0,9,0,0,0,0,0,0,0,0,0,0,0,0,81,0,0,0,62,0,0,0,0,0,0,0,0,0,0,1995,9,0,0,483,0,15,0,0,205,6437,221,64,0,0,0,0,0,0,0,5010,0,0,0,4,4,0,0,0,0,0,0,6020,69,0,0,2486,0,0,0,0,0,0,0,0,0,0,0,0,0,0,0,0,805,0,0,0,0,0,0,0,0,0,0,0,0,3041,0,0,0,0,0,0,0,0,0,0,0,0,671,0,0,0,0,0,0,0,0,0,0,0,0,47,0,0,0,0,0,0,0,0,0,0,0,0,0,0,0,0,0,0,0,0,0,0,0,0,0,0,0,0,0,0,0,0,276,0,0,0,293,0,0,0,0,549,0,0,0,0,0,0,0,0,0,0,0,0,0,0,0,0,0,0,0,0,0,0,0,0,0,0,0,0,0,0,0,0,0,0,0,0,0,0,0,0,0,0,0,0,0,0,0,0,0,0,0,0,0,0,0,0,0,0,0,0,0,0,0,0,0,0,0,0,0,0,0,0,0,0,0,0,0,0,0,0,0,0,0,0,0,0,0,0,0,0,0,0,0,0,0,0,0,0,0,0,0,0,0,0,0,0,0,0,0,0,0,0,0,0,0,0,0,0,0,0,0,0,0,0,0,0,0,0,0,0,0,0,0,0,0,0,0,0,0,0,0,0,0,0,0,0,0,0,0,0,0,0,0,0,0,0,0,0,0,0,0,0,0,0,0,0,0,0,0,0,0,0,0,0,0,0,0,0,0,0,0,0,0,0,0,0,0,0,0,0,0,0,0,0,0,0,0,0,0,0,0,0,0,0,0,0,0,0,0,0,0,0,0,0,0,0,0,0,0,0,0,0,0,0,0,0,0,0,0,0,0,0,0,0,0,0,0,0,0,0,0,0,0,0,0,0,0,0,0,0,0,0,0,0,0,0,0,0,0,0,0,0,0,0,0,0,0,0,0,0,0,0,0,0,0,0,0,0,0,0,0,0,0,0,0,0,0,0,0,0,0,0,0,0,0,0,0